,S1_PM10,S1_PM25,S1_SO2,S1_NO2,S1_NOX,S1_NO
0,,,,,,174.86
1,,,12.86,,,
2,8.58,,,,,
3,,64.53,,,,
4,,,,,,173.65
5,,,,120.23,,
6,,,,,136.94,
7,,50.78,,,,
8,,,,135.21,,
9,,,13.03,,,
10,,,,,161.02,
11,,,,109.83,,
12,,,11.35,,,
13,,,,,,120.04
14,,,,,,106.92
15,,,,,,88.83
16,70.92,,,,,
17,,,,,,77.36
18,,,10.23,,,
19,,44.76,,,,
20,,,,72.0,,
21,,,8.7,,,
22,,,8.93,,,
23,,,,,91.26,
24,,,12.59,,,
25,,28.87,,,,
26,,,11.61,,,
27,,,11.53,,,
28,,,,,83.71,
29,,29.24,,,,
30,,25.77,,,,
31,,,,,106.2,
32,,,,,223.91,
33,,43.09,,,,
34,,,,87.39,,
35,,51.26,,,,
36,,,,145.14,,
37,,48.41,,,,
38,,,,,,221.22
39,,,,,308.26,
40,,,,96.08,,
41,,,,,223.5,
42,,62.34,,,,
43,19.17,,,,,
44,,,,60.89,,
45,,,8.64,,,
46,,,,,,19.69
47,39.88,,,,,
48,,,,36.38,,
49,26.7,,,,,
50,,12.62,,,,
51,,,,59.53,,
52,,,,65.75,,
53,,,,73.46,,
54,51.21,,,,,
55,46.37,,,,,
56,,,,,65.76,
57,38.67,,,,,
58,,,,,68.39,
59,,,,54.87,,
60,32.89,17.19,7.61,46.45,51.79,5.34
61,,10.73,,,,
62,,,,,,3.42
63,,,,55.53,,
64,,,,56.45,,
65,,14.54,,,,
66,30.07,,,,,
67,,,7.59,,,
68,,,,,88.5,
69,,,,70.31,,
70,,,,,,40.82
71,,,,,97.89,
72,34.02,,,,,
73,,,,,,6.3
74,,,,53.44,,
75,,19.44,,,,
76,,,,,,6.32
77,,20.59,,,,
78,19.3,,,,,
79,,,,,,19.98
80,,,,83.84,,
81,,,,,108.17,
82,,,,82.95,,
83,,,,,117.55,
84,,23.12,,,,
85,,,,43.95,,
86,,,,,,3.36
87,,,,,,4.38
88,,17.84,,,,
89,,,,,267.18,
90,,,,,,48.44
91,95.32,,,,,
92,,,,106.2,,
93,70.16,,,,,
94,,,13.1,,,
95,,,,,518.32,
96,88.19,,,,,
97,,,,,476.42,
98,,,,,559.92,
99,,,10.73,,,
100,,,,187.71,,
101,,,,,,248.39
102,,65.08,,,,
103,20.9,,,,,
104,,,12.49,,,
105,,,10.68,,,
106,83.15,,,,,
107,,,,120.03,,
108,91.67,,,,,
109,,36.14,,,,
110,,,,78.86,,
111,,,,75.64,,
112,49.62,,,,,
113,,,,,306.96,
114,,,,,,13.13
115,,,6.56,,,
116,,,,,,53.83
117,,,,,377.22,
118,,,,,,260.39
119,,,,166.2,,
120,,,11.99,,,
121,,49.69,,,,
122,,,,,145.52,
123,,,,,127.8,
124,72.83,,,,,
125,,,,75.51,,
126,,,,96.75,,
127,,13.65,,,,
128,,,13.87,,,
129,,,,,,139.39
130,,,,,,117.76
131,,,,,252.93,
132,,61.12,,,,
133,,,,,,53.84
134,,19.97,,,,
135,,,,,,14.83
136,,,,,,4.53
137,,,9.65,,,
138,,,11.54,,,
139,,,,,,117.43
140,82.51,,,,,
141,,,,,559.9,
142,,,,,,216.85
143,,,10.54,,,
144,,,,,,57.31
145,65.64,,,,,
146,,,,,,34.67
147,61.7,,,,,
148,,,,75.49,,
149,41.64,,,,,
150,,,,,206.36,
151,,,9.22,,,
152,,,,127.81,,
153,,,,,275.8,
154,,,,,,108.94
155,,,,,,69.03
156,,,10.68,,,
157,,,,,,15.06
158,,,,,50.93,
159,,,8.39,,,
160,,,10.18,,,
161,74.22,,,,,
162,93.66,,,,,
163,81.06,,,,,
164,,,,,,152.17
165,83.06,,,,,
166,,,,,,108.93
167,,,,98.44,,
168,,,11.5,,,
169,,,20.15,,,
170,,,,,125.17,
171,87.54,,,,,
172,,23.57,,,,
173,,20.24,,,,
174,28.72,,,,,
175,,14.5,,,,
176,26.75,,,,,
177,,,10.79,,,
178,,,,,,144.8
179,,,11.94,,,
180,,,,,179.52,
181,,,,91.67,,
182,,,,87.53,,
183,,31.4,,,,
184,,40.71,,,,
185,44.36,,,,,
186,,34.47,,,,
187,,,7.02,,,
188,40.6,,,,,
189,,,,,217.78,
190,,,,,,141.63
191,,,17.52,,,
192,30.29,,,,,
193,,,,,66.87,
194,,11.21,,,,
195,59.64,,,,,
196,69.7,24.84,8.22,137.48,259.53,122.05
197,,,,,,75.89
198,,,6.97,,,
199,,,,,160.09,
200,,,,,76.52,
201,,,,53.64,,
202,,20.51,,,,
203,,,,,71.26,
204,,,,,,31.35
205,,,,,165.75,
206,,,13.51,,,
207,,,,121.93,,
208,,45.0,,,,
209,73.98,,,,,
210,40.0,,,,,
211,,57.93,,,,
212,,,,,,33.6
213,51.12,,,,,
214,53.36,,,,,
215,41.87,,,,,
216,,,,106.72,,
217,,,12.84,,,
218,,28.04,,,,
219,,29.52,,,,
220,,,,141.72,,
221,,,,,,87.91
222,,,,,,119.31
223,,,,,,90.59
224,,,,,128.81,
225,,,,106.2,,
226,,,12.56,,,
227,,,,,172.3,
228,,,,,,62.63
229,,33.05,,,,
230,,,11.35,,,
231,,,,179.68,,
232,,,,,,178.39
233,,63.57,,,,
234,35.37,,,,,
235,,,,,,67.85
236,,,,124.75,,
237,,,,,108.59,
238,,28.41,,,,
239,,,10.98,,,
240,,,,,,17.31
241,,,,92.78,,
242,,5.01,,,,
243,,8.99,,,,
244,,,,,260.54,
245,,,,97.5,,
246,,10.71,,,,
247,,,,,58.52,
248,,5.54,,,,
249,3.81,,,,,
250,,,,22.55,,
251,,3.44,,,,
252,,,,,,4.98
253,,,,,,7.39
254,,,,,,11.92
255,,5.0,,,,
256,,,,58.47,,
257,,,,,,38.31
258,,,,,59.7,
259,23.45,,,,,
260,,,10.46,,,
261,21.91,,,,,
262,,,6.66,,,
263,,,,,,4.34
264,,,,,,4.91
265,,,,,32.84,
266,,,,,,4.35
267,,,,,55.58,
268,,10.44,,,,
269,,,,60.56,,
270,,,,57.32,,
271,,,,,54.77,
272,,41.37,,,,
273,,,,38.05,,
274,,22.94,,,,
275,,12.56,,,,
276,,,,,30.43,
277,,,7.12,,,
278,8.88,,,,,
279,,,,52.87,,
280,12.04,,,,,
281,,,,46.72,,
282,,,,,43.18,
283,10.22,,,,,
284,,,,27.49,,
285,,,8.55,,,
286,,,,,62.5,
287,1.78,,,,,
288,,,,,,12.54
289,,,7.15,,,
290,20.73,,,,,
291,,,,,29.18,
292,,4.0,,,,
293,,,1.23,,,
294,,,,,37.07,
295,,,1.31,,,
296,,,,,,3.58
297,,,,30.88,,
298,,,,,,3.04
299,,,,20.99,,
300,,,1.38,,,
301,8.61,,,,,
302,,,,24.62,,
303,,,,,,62.11
304,27.98,,,,,
305,16.74,,,,,
306,,,,16.57,,
307,23.61,,,,,
308,,,,,48.6,
309,,,,47.0,,
310,,,,43.7,,
311,13.26,,,,,
312,,,,,,7.48
313,,,,70.98,,
314,,,,,82.29,
315,,,,,34.37,
316,,,,70.75,,
317,,6.81,,,,
318,,,,,,8.56
319,,,,,,6.29
320,,,,,,14.84
321,,,,,106.45,
322,,,1.29,,,
323,,,,18.6,,
324,,,,18.65,,
325,,,,,,5.36
326,,9.84,,,,
327,,6.51,,,,
328,,9.86,,,,
329,13.98,,,,,
330,,,,,69.76,
331,26.75,5.79,2.71,62.39,69.73,7.34
332,28.74,,,,,
333,,,,60.77,,
334,,,,,,7.66
335,,18.22,,,,
336,,,,41.36,,
337,,,,,30.86,
338,,,,,,2.94
339,,,,30.92,,
340,,,,,,4.59
341,,,,,,5.32
342,,,4.99,,,
343,,,,82.64,,
344,,,3.26,,,
345,32.94,,,,,
346,,,2.8,,,
347,,7.2,,,,
348,,,,,,11.2
349,,,,,,10.03
350,,,,,54.74,
351,,,,52.68,,
352,,,,71.2,,
353,,,,,,9.29
354,36.86,,,,,
355,,,,,,7.42
356,40.99,,,,,
357,,,2.27,,,
358,,,3.12,,,
359,,,,,73.73,
360,,,4.11,,,
361,,,,,,4.34
362,,,,18.64,,
363,24.08,,,,,
364,,,,17.32,,
365,,,,,,3.2
366,,,,17.66,,
367,,,,12.32,,
368,7.66,,,,,
369,,,,,,6.6
370,10.52,,,,,
371,,5.12,,,,
372,,,2.03,,,
373,30.07,8.9,1.83,32.11,40.8,8.69
374,,,,,47.85,
375,,,,37.88,,
376,,,,,,6.98
377,,20.88,,,,
378,,,,,44.73,
379,,15.1,,,,
380,,15.44,,,,
381,,,,,,4.57
382,36.74,,,,,
383,,,,,,2.7
384,,,,,,2.53
385,,,,,28.69,
386,,,2.87,,,
387,,,,83.62,,
388,,,,90.69,,
389,,,,,59.49,
390,,,,,35.73,
391,,27.52,,,,
392,,,7.21,,,
393,,,,16.65,,
394,,,,,,6.83
395,,,,,,5.65
396,23.33,,,,,
397,,,4.68,,,
398,,,,35.01,,
399,,,,,69.12,
400,,,6.78,,,
401,24.5,,,,,
402,,,,,,57.2
403,44.4,,,,,
404,,,4.59,,,
405,,,,70.45,,
406,,,4.08,,,
407,,,11.07,,,
408,,,,,48.51,
409,20.37,,,,,
410,21.53,,,,,
411,36.97,,,,,
412,,,,,,51.8
413,,,7.12,,,
414,,,,41.09,,
415,,,,,35.63,
416,,,,21.8,,
417,,,,21.84,,
418,,,,,,9.12
419,,,4.07,,,
420,,,,,,10.02
421,,,,68.01,,
422,,21.66,,,,
423,,14.19,,,,
424,,,,,110.38,
425,,,,,99.52,
426,48.9,,,,,
427,,,,,33.92,
428,,,,22.61,,
429,,,3.13,,,
430,,,2.91,,,
431,,,,,,2.63
432,,19.28,,,,
433,,12.75,,,,
434,,,,,56.56,
435,,,,,37.51,
436,,,4.05,,,
437,,,,22.97,,
438,,,4.15,,,
439,,,,,,7.84
440,,7.81,,,,
441,,6.26,,,,
442,,4.18,,,,
443,,,,,56.35,
444,,,,,176.56,
445,,,,,,17.89
446,,,,,,11.84
447,47.98,,,,,
448,,19.07,,,,
449,19.46,,,,,
450,,7.71,,,,
451,,,,27.64,,
452,,,,,21.76,
453,,,,21.3,,
454,,,,,63.63,
455,,,,31.35,,
456,7.65,,,,,
457,6.49,,,,,
458,,11.65,,,,
459,,,,23.22,,
460,,,,,30.99,
461,,,,,,5.58
462,,,3.5,,,
463,,,,65.88,,
464,,,3.22,,,
465,,,,72.24,,
466,,,,58.94,,
467,,,2.41,,,
468,,,,,60.8,
469,,14.41,,,,
470,,,,,,6.64
471,,,,52.33,,
472,,,,,57.22,
473,37.86,,,,,
474,,,,,256.56,
475,,,7.23,,,
476,,,,,,6.66
477,,6.94,,,,
478,,,,,27.31,
479,,,,84.76,,
480,,,,,,10.34
481,,,,,,50.29
482,,,,,135.1,
483,,,,81.08,,
484,,,,,91.97,
485,,17.7,,,,
486,,,,88.85,,
487,,,,,101.78,
488,,,,73.65,,
489,,,,,128.99,
490,45.95,,,,,
491,,,,,42.91,
492,,,12.83,,,
493,,,,24.71,,
494,,,,,31.0,
495,44.07,,,,,
496,37.29,,,,,
497,20.9,,,,,
498,,,4.88,,,
499,,4.92,,,,
500,,4.89,,,,
501,,,,,283.29,
502,,,,124.61,,
503,,,17.8,,,
504,49.46,,,,,
505,,,,18.81,,
506,,,2.84,,,
507,,5.14,,,,
508,,,7.93,,,
509,,,,,95.62,
510,,4.61,,,,
511,30.44,,,,,
512,,5.3,,,,
513,,,,,,12.81
514,,,6.93,,,
515,,,5.28,,,
516,,25.23,,,,
517,,,,,,9.81
518,,14.54,,,,
519,,,,,,32.5
520,44.14,,,,,
521,,19.0,,,,
522,,23.0,,,,
523,,,,,53.97,
524,,,4.32,,,
525,,,,,,6.73
526,,,,26.35,,
527,29.39,,,,,
528,,,,,,33.75
529,,,7.67,,,
530,64.58,,,,,
531,,,6.47,,,
532,,14.44,,,,
533,,13.8,,,,
534,,,7.73,,,
535,,,6.1,,,
536,,,,60.24,,
537,,,10.43,,,
538,,29.26,,,,
539,,,,67.21,,
540,,,,75.51,,
541,,17.87,,,,
542,57.36,,,,,
543,63.16,,,,,
544,,,,,,83.54
545,60.33,,,,,
546,71.87,,,,,
547,,33.28,,,,
548,,18.99,,,,
549,,16.6,,,,
550,,,6.86,,,
551,,,,,104.1,
552,,,,152.99,,
553,89.37,23.67,12.38,183.45,370.21,186.76
554,,,9.99,,,
555,,,,91.07,,
556,75.49,,,,,
557,,,,,183.11,
558,,,12.41,,,
559,88.37,25.77,9.58,179.19,400.59,221.4
560,,,,74.74,,
561,,,12.85,,,
562,,,,,52.4,
563,,,,,,13.23
564,,,,15.71,,
565,,,,,,4.28
566,49.34,,,,,
567,,,,,168.32,
568,84.19,,,,,
569,,,11.62,,,
570,42.01,,,,,
571,30.45,,,,,
572,,5.65,,,,
573,,,,,40.93,
574,9.78,,,,,
575,,,,,108.73,
576,,,9.33,,,
577,,,,,109.72,
578,48.39,,,,,
579,,,9.56,,,
580,,,,,,78.42
581,,36.39,,,,
582,,,9.14,,,
583,,,,,188.66,
584,,13.8,,,,
585,,,,,,42.87
586,,,,,,75.16
587,,,,,320.68,
588,73.16,,,,,
589,,,11.68,,,
590,,29.43,,,,
591,,,,,28.29,
592,,,,18.71,,
593,,,,,29.86,
594,,,,,33.83,
595,19.05,,,,,
596,,,,111.13,,
597,49.96,,,,,
598,,15.8,,,,
599,26.47,,,,,
600,,,1.32,,,
601,18.38,,,,,
602,,5.82,,,,
603,,,,,,10.69
604,,,,,78.66,
605,,,,,,23.31
606,,11.09,,,,
607,,,,21.92,,
608,,10.37,,,,
609,,8.91,,,,
610,,8.94,,,,
611,25.22,,,,,
612,,,0.82,,,
613,,,,,,6.03
614,,,,,22.14,
615,,,,,,8.0
616,,,,,,8.06
617,,2.86,,,,
618,,,,,50.01,
619,,,,,,10.61
620,,10.14,,,,
621,,,,,,14.4
622,17.75,,,,,
623,,,,,,5.5
624,,5.01,,,,
625,,4.1,,,,
626,,,,,52.35,
627,31.26,,,,,
628,,,,,,6.48
629,,,,58.13,,
630,,,,83.54,,
631,,14.54,,,,
632,,,,,,36.0
633,,,,,41.73,
634,,,,33.93,,
635,,,,,39.75,
636,30.69,,,,,
637,,,2.34,,,
638,,,,77.84,,
639,,,,,67.34,
640,,,,,,12.35
641,,,1.18,,,
642,,5.6,,,,
643,,,1.19,,,
644,,,,72.25,,
645,29.55,4.73,2.4,82.53,150.05,67.52
646,,,,,,85.62
647,,,,,180.79,
648,,,,,115.31,
649,,16.79,,,,
650,,10.57,,,,
651,,,1.71,,,
652,25.89,,,,,
653,,,,,,11.04
654,17.5,,,,,
655,27.02,,,,,
656,,,,,,23.86
657,,,1.15,,,
658,,,,,,10.08
659,,,,,53.48,
660,,,0.67,,,
661,,,0.81,,,
662,14.02,,,,,
663,,,,,,6.43
664,,,,29.79,,
665,,2.83,,,,
666,,,,,28.19,
667,,,,25.2,,
668,17.46,,,,,
669,13.82,,,,,
670,,11.43,,,,
671,,,,,,10.59
672,,5.16,,,,
673,,,,22.19,,
674,,4.54,,,,
675,,,,,27.59,
676,,,,26.17,,
677,,,,,44.84,
678,,,0.91,,,
679,8.95,,,,,
680,,,1.72,,,
681,,,,,,7.59
682,3.86,2.97,0.79,19.59,25.02,5.43
683,,,0.72,,,
684,5.12,,,,,
685,,,,,39.28,
686,,,,33.7,,
687,,3.92,,,,
688,,,,,45.93,
689,,,1.29,,,
690,,,,,,8.49
691,,,,,,7.19
692,,,,,42.52,
693,,5.77,,,,
694,,5.52,,,,
695,28.05,,,,,
696,,38.26,,,,
697,,,,,29.1,
698,,,,,,7.42
699,,,,,,7.21
700,22.84,,,,,
701,,,,,47.37,
702,17.35,,,,,
703,21.71,,,,,
704,,,,46.85,,
705,,,,,115.87,
706,,,,,84.52,
707,31.43,,,,,
708,,,,50.02,,
709,,,1.41,,,
710,35.78,,,,,
711,34.45,,,,,
712,,,2.91,,,
713,,,,,,6.47
714,,,2.56,,,
715,,,,90.28,,
716,,,,,,126.62
717,79.47,,,,,
718,97.92,,,,,
719,,,,,,28.69
720,,,,,,25.18
721,,9.44,,,,
722,,11.28,,,,
723,,,,,,15.42
724,,12.76,,,,
725,,,,124.74,,
726,,,,,114.51,
727,,10.85,,,,
728,,,,,32.6,
729,,,,,30.64,
730,12.5,,,,,
731,,7.44,,,,
732,22.18,,,,,
733,,,,,,8.72
734,,,,,102.56,
735,,,5.03,,,
736,,,4.79,,,
737,,,4.19,,,
738,,,3.66,,,
739,30.2,,,,,
740,,,4.27,,,
741,37.25,,,,,
742,,,,,,13.68
743,,,,25.78,,
744,,,5.52,,,
745,15.82,,,,,
746,,12.89,,,,
747,18.09,,,,,
748,,,,,63.17,
749,29.38,,,,,
750,,,,53.36,,
751,,,,44.29,,
752,,,,,,17.2
753,,,4.93,,,
754,36.98,,,,,
755,,,,,,79.95
756,,,7.32,,,
757,,14.9,,,,
758,,,5.33,,,
759,,,,22.46,,
760,,,,,,7.96
761,,,5.01,,,
762,,,,19.67,,
763,,,,68.98,,
764,,,,,77.67,
765,,,,,339.62,
766,,,,,,7.23
767,21.22,,,,,
768,,,,,33.63,
769,,,,,,7.41
770,,,4.44,,,
771,,,,115.29,,
772,,,,,,57.34
773,,28.46,,,,
774,,,4.26,,,
775,8.93,,,,,
776,,,2.66,,,
777,13.94,,,,,
778,,5.17,,,,
779,,,,29.12,,
780,,,2.65,,,
781,,,,,,4.68
782,,,3.45,,,
783,,,,,,4.66
784,,,3.71,,,
785,,,,38.94,,
786,8.34,,,,,
787,,12.2,,,,
788,,,,19.21,,
789,,5.62,,,,
790,,,3.95,,,
791,,,,,37.13,
792,,,,,38.67,
793,,,,,54.26,
794,,,2.89,,,
795,,,2.71,,,
796,,,2.99,,,
797,,,,,50.39,
798,15.59,,,,,
799,,2.55,,,,
800,,,,,64.55,
801,,9.93,,,,
802,,,,33.86,,
803,,,3.46,,,
804,,,,,,5.53
805,,,4.22,,,
806,,1.66,,,,
807,,,,,121.8,
808,,,4.97,,,
809,10.14,,,,,
810,,,,,31.95,
811,,,,,,10.78
812,,,,,,17.36
813,,,,,,11.22
814,,16.84,,,,
815,,7.04,,,,
816,12.51,,,,,
817,,,6.13,,,
818,,,5.32,,,
819,17.18,,,,,
820,25.88,,,,,
821,,,,,,10.11
822,,,,21.27,,
823,,10.74,,,,
824,,,4.72,,,
825,,,,24.76,,
826,,,,29.75,,
827,,5.6,,,,
828,,,,,,8.38
829,22.29,,,,,
830,,,,,,9.49
831,,4.04,,,,
832,,,2.97,,,
833,,,,,,4.77
834,8.46,,,,,
835,,,,,57.4,
836,,,,,45.4,
837,,,6.28,,,
838,,,,,26.12,
839,17.3,,,,,
840,,,,18.01,,
841,,1.4,,,,
842,,2.92,,,,
843,,,,,,11.08
844,,,3.11,,,
845,,,,55.02,,
846,,,,,,9.06
847,9.55,,,,,
848,14.39,,,,,
849,9.74,,,,,
850,,,,77.47,,
851,,,,,77.22,
852,,,,50.04,,
853,,,,47.87,,
854,15.28,,,,,
855,,,,,81.64,
856,,,3.34,,,
857,,,,,80.56,
858,,,,,78.99,
859,,,,47.08,,
860,24.02,,,,,
861,19.79,,,,,
862,,,,,,14.82
863,,,3.65,,,
864,,,3.61,,,
865,21.02,,,,,
866,,,3.26,,,
867,,,3.42,,,
868,,3.22,,,,
869,,,,49.88,,
870,,,2.81,,,
871,,,,,52.05,
872,,,,,,7.16
873,,5.98,,,,
874,,,2.25,,,
875,,5.48,,,,
876,,,,,22.02,
877,,,,,,4.82
878,,,,,,4.94
879,,,,,,8.97
880,,,,49.13,,
881,,,3.34,,,
882,11.53,,,,,
883,,4.28,,,,
884,,,,22.72,,
885,,,,,,10.15
886,,,,61.9,,
887,,,,,67.41,
888,,,,,63.78,
889,,,,,66.99,
890,,,,48.7,,
891,,,,,54.9,
892,,,,,,6.45
893,,,,,30.28,
894,,,1.83,,,
895,,7.0,,,,
896,,,,17.59,,
897,,,,17.44,,
898,,,,,41.12,
899,,,,,46.35,
900,32.98,,,,,
901,21.5,,,,,
902,,,,,,8.87
903,,,,17.51,,
904,,,5.85,,,
905,19.19,,,,,
906,,,,28.52,,
907,,,4.7,,,
908,,,,47.52,,
909,13.41,,,,,
910,17.61,,,,,
911,12.42,,,,,
912,,,,35.33,,
913,,,2.83,,,
914,,,,,41.01,
915,,,2.73,,,
916,,,,,23.02,
917,,,2.64,,,
918,,,,,23.56,
919,,3.27,,,,
920,10.86,,,,,
921,,4.22,,,,
922,,,,,,15.03
923,14.15,,,,,
924,,,,,,10.36
925,,4.23,,,,
926,25.65,,,,,
927,,3.48,,,,
928,,,,,,62.34
929,,20.09,,,,
930,,29.08,,,,
931,,,,,174.69,
932,,37.12,,,,
933,,,,98.12,,
934,,,7.1,,,
935,,,,,108.94,
936,,26.03,,,,
937,61.39,34.1,8.47,73.23,108.33,35.1
938,50.52,,,,,
939,,38.02,,,,
940,,,,80.62,,
941,38.19,,,,,
942,,,,,,13.11
943,,,,,,9.76
944,,,4.41,,,
945,,,,,24.37,
946,32.94,,,,,
947,,,,69.41,,
948,,,,28.59,,
949,25.44,,,,,
950,,,2.52,,,
951,,,,,,8.89
952,48.06,,,,,
953,,18.37,,,,
954,,,,,60.92,
955,,,5.47,,,
956,52.91,,,,,
957,,,,,210.6,
958,59.85,,,,,
959,,26.47,,,,
960,,,,,153.88,
961,,,,92.22,,
962,,,4.57,,,
963,55.04,,,,,
964,,20.16,,,,
965,,,,,74.79,
966,,,,74.24,,
967,,,,,49.08,
968,45.11,,,,,
969,32.69,,,,,
970,,,2.84,,,
971,,,,,,7.93
972,,,3.35,,,
973,,,,21.29,,
974,,21.37,,,,
975,,17.39,,,,
976,,12.87,,,,
977,24.4,,,,,
978,,,,,,11.27
979,,19.44,,,,
980,,,,,,16.99
981,,,,,108.98,
982,,12.96,,,,
983,,,,,56.98,
984,,,4.21,,,
985,,,3.54,,,
986,,,,51.21,,
987,26.13,,,,,
988,,,,96.13,,
989,,16.39,,,,
990,34.78,,,,,
991,,,,78.95,,
992,,,,,47.37,
993,,12.87,,,,
994,,13.91,,,,
995,,,3.63,,,
996,45.01,,,,,
997,,,,,,9.71
998,27.48,,,,,
999,,,3.25,,,
1000,,7.82,,,,
1001,30.89,,,,,
1002,29.02,,,,,
1003,,,3.14,,,
1004,22.45,,,,,
1005,,,,57.91,,
1006,22.54,,,,,
1007,,,3.31,,,
1008,25.73,,,,,
1009,18.28,,,,,
1010,,,2.59,,,
1011,,,,,34.54,
1012,,,3.82,,,
1013,25.87,,,,,
1014,,27.64,,,,
1015,,,,,,8.74
1016,,,,19.14,,
1017,,,3.16,,,
1018,,,,22.12,,
1019,,5.46,,,,
1020,,,,21.93,,
1021,16.58,,,,,
1022,,,,,,10.02
1023,,,,,38.39,
1024,,,,,,6.0
1025,,,,,,4.99
1026,,,,37.29,,
1027,,,3.51,,,
1028,,,,,,7.39
1029,,,3.84,,,
1030,,,,36.73,,
1031,,,3.51,,,
1032,,6.04,,,,
1033,,,,13.97,,
1034,,,,,18.75,
1035,,,,18.48,,
1036,,19.91,,,,
1037,,,,,,7.67
1038,,,,,,8.28
1039,,,,19.07,,
1040,,,,,29.15,
1041,12.45,,,,,
1042,,,,,,9.82
1043,17.55,,,,,
1044,,,,,,8.66
1045,,,,26.94,,
1046,34.05,,,,,
1047,13.79,,,,,
1048,,,,53.78,,
1049,14.84,,,,,
1050,,3.93,,,,
1051,,10.58,,,,
1052,,,,,,6.91
1053,,,,,,5.49
1054,,,,15.18,,
1055,24.92,,,,,
1056,,,,,,4.16
1057,,,,13.18,,
1058,17.52,,,,,
1059,,13.95,,,,
1060,,,,14.73,,
1061,,,,,16.69,
1062,,,,,,5.45
1063,,7.24,,,,
1064,,,,,,6.4
1065,,,,,,5.68
1066,10.2,,,,,
1067,,6.54,,,,
1068,,,,,,6.56
1069,,3.56,,,,
1070,,4.04,,,,
1071,,,,46.04,,
1072,23.77,,,,,
1073,,,,86.06,,
1074,28.38,,,,,
1075,23.5,,,,,
1076,,13.08,,,,
1077,,,,32.98,,
1078,16.71,,,,,
1079,,,4.8,,,
1080,,,5.3,,,
1081,21.53,,,,,
1082,22.95,,,,,
1083,30.79,,,,,
1084,,,6.22,,,
1085,,12.9,,,,
1086,13.41,,,,,
1087,,17.4,,,,
1088,20.66,,,,,
1089,,,,23.84,,
1090,,,,23.14,,
1091,7.46,,,,,
1092,6.37,,,,,
1093,,,,,40.7,
1094,,5.11,,,,
1095,8.44,,,,,
1096,,,3.77,,,
1097,,15.1,,,,
1098,,,,45.92,,
1099,10.91,,,,,
1100,,11.82,,,,
1101,,,,,,6.37
1102,,,,,35.57,
1103,,,,27.21,,
1104,,,,55.54,,
1105,,,,,101.18,
1106,,,6.23,,,
1107,,,5.69,,,
1108,,,4.92,,,
1109,,,,,,7.71
1110,,,4.07,,,
1111,22.44,,,,,
1112,15.43,,,,,
1113,,,,,27.0,
1114,,6.37,,,,
1115,,,,,32.26,
1116,18.68,,,,,
1117,27.7,,,,,
1118,,5.18,,,,
1119,,,3.7,,,
1120,,,,122.87,,
1121,,,,,,30.74
1122,58.97,,,,,
1123,,,,101.07,,
1124,71.48,,,,,
1125,,,,47.16,,
1126,,,5.44,,,
1127,,,3.69,,,
1128,,18.34,,,,
1129,,,,,,7.83
1130,,,,,23.46,
1131,,,,16.99,,
1132,,3.7,,,,
1133,,,,,34.84,
1134,,,,26.7,,
1135,,,,31.11,,
1136,16.16,,,,,
1137,13.06,,,,,
1138,,,3.22,,,
1139,,,,32.67,,
1140,,,,,,5.31
1141,,,,,58.77,
1142,,,,,,6.38
1143,,,,,42.52,
1144,17.03,,,,,
1145,,3.49,,,,
1146,14.06,,,,,
1147,,,,,,5.34
1148,,,,,50.7,
1149,,18.94,,,,
1150,,,,,,13.0
1151,,15.34,,,,
1152,,,,16.5,,
1153,,,,,30.79,
1154,,,,,,7.55
1155,,,3.53,,,
1156,,,,,,7.24
1157,,,,,62.87,
1158,,,3.68,,,
1159,59.0,12.68,4.29,122.32,190.66,68.34
1160,,,3.83,,,
1161,,,,,104.19,
1162,,,,,,16.65
1163,54.6,,,,,
1164,,37.51,,,,
1165,,,2.16,,,
1166,21.45,,,,,
1167,,,,38.36,,
1168,,8.14,,,,
1169,,,2.38,,,
1170,31.21,,,,,
1171,,,,,,6.48
1172,,,,22.07,,
1173,,,,33.99,,
1174,,,,,,8.22
1175,39.72,,,,,
1176,,9.63,,,,
1177,,9.14,,,,
1178,,,,,66.94,
1179,,,,,27.45,
1180,,,1.81,,,
1181,,,,27.89,,
1182,23.78,,,,,
1183,,,,,,4.81
1184,19.44,,,,,
1185,16.66,,,,,
1186,,,,,86.31,
1187,21.16,,,,,
1188,,23.1,,,,
1189,,,,,117.91,
1190,32.0,,,,,
1191,,14.86,,,,
1192,,,2.31,,,
1193,,8.42,,,,
1194,,7.22,,,,
1195,,,,,,7.81
1196,,,,14.91,,
1197,,,,15.5,,
1198,,,,,,8.44
1199,,14.4,,,,
1200,,,,,38.15,
1201,,,,,66.49,
1202,43.88,,,,,
1203,,16.31,,,,
1204,,,,,75.92,
1205,,,,,,7.09
1206,,,1.75,,,
1207,,8.11,,,,
1208,44.8,,,,,
1209,,8.9,,,,
1210,,,,,23.27,
1211,44.88,,,,,
1212,28.01,,,,,
1213,,,,,,8.63
1214,,,1.92,,,
1215,,,2.33,,,
1216,,14.15,,,,
1217,,,,44.4,,
1218,,6.57,,,,
1219,,,2.54,,,
1220,,,2.55,,,
1221,,,,,,6.11
1222,29.04,,,,,
1223,,,3.27,,,
1224,,,2.96,,,
1225,,,3.05,,,
1226,,,,,202.72,
1227,,,,100.13,,
1228,,,,105.63,,
1229,,,,,,27.42
1230,,,,,,9.2
1231,67.29,,,,,
1232,,,,,50.43,
1233,,,,,64.89,
1234,,22.16,,,,
1235,,,,66.45,,
1236,,13.45,,,,
1237,,,2.98,,,
1238,48.62,,,,,
1239,63.6,,,,,
1240,,,1.9,,,
1241,,,,,,9.19
1242,,22.74,,,,
1243,,,,,26.91,
1244,,17.81,,,,
1245,,16.23,,,,
1246,,,,29.69,,
1247,,14.15,,,,
1248,,,1.68,,,
1249,34.55,,,,,
1250,,,,,,7.06
1251,,6.49,,,,
1252,,5.56,,,,
1253,30.12,,,,,
1254,,,,,18.57,
1255,,,,16.32,,
1256,,,1.37,,,
1257,21.84,,,,,
1258,,,2.17,,,
1259,,24.79,,,,
1260,,15.32,,,,
1261,16.12,,,,,
1262,,,,18.03,,
1263,,12.6,,,,
1264,,,,,31.63,
1265,,,1.74,,,
1266,,,1.86,,,
1267,,6.05,,,,
1268,,,,26.07,,
1269,,,1.96,,,
1270,,,1.67,,,
1271,,,,,,7.46
1272,,6.7,,,,
1273,,,1.44,,,
1274,,,,,61.63,
1275,,12.37,,,,
1276,,,,,38.96,
1277,,,,,30.04,
1278,,,,21.46,,
1279,,,,,,6.41
1280,,,,,48.93,
1281,,,,,51.12,
1282,,14.49,,,,
1283,27.14,,,,,
1284,,8.75,,,,
1285,,7.66,,,,
1286,,,,26.4,,
1287,,,2.07,,,
1288,,,,,,6.43
1289,14.66,,,,,
1290,,7.8,,,,
1291,,,,42.11,,
1292,,13.64,,,,
1293,23.19,,,,,
1294,,18.04,,,,
1295,,,,,50.08,
1296,,,,,,5.09
1297,,,,,,4.56
1298,29.59,24.25,1.64,27.07,32.83,5.76
1299,,,1.44,,,
1300,,,,32.36,,
1301,,,,,35.24,
1302,,,1.77,,,
1303,,,,,26.5,
1304,,,1.69,,,
1305,,,1.63,,,
1306,16.73,7.25,1.55,13.74,19.51,5.77
1307,,,,21.85,,
1308,,,1.73,,,
1309,,,,27.88,,
1310,,,,,44.0,
1311,,,1.53,,,
1312,29.46,,,,,
1313,,,1.52,,,
1314,26.26,,,,,
1315,42.8,,,,,
1316,,,1.75,,,
1317,41.8,,,,,
1318,,,1.6,,,
1319,,,,,,16.11
1320,,,,69.63,,
1321,,,3.35,,,
1322,,,4.51,,,
1323,,19.71,,,,
1324,,,,,,8.92
1325,,,,,,7.94
1326,,,2.49,,,
1327,,,,,,6.89
1328,,,1.85,,,
1329,,,,,,6.06
1330,,,,64.84,,
1331,61.29,,,,,
1332,,,,,,14.84
1333,,,,31.4,,
1334,,,,,40.67,
1335,,,,,33.52,
1336,,,,26.38,,
1337,,26.51,,,,
1338,,,1.19,,,
1339,,,,,,8.81
1340,25.58,,,,,
1341,,,,42.27,,
1342,,13.29,,,,
1343,,,,89.67,,
1344,,,,,45.23,
1345,,26.41,,,,
1346,,,1.23,,,
1347,,,1.24,,,
1348,,,1.48,,,
1349,,,1.43,,,
1350,,11.3,,,,
1351,,,,37.87,,
1352,44.6,,,,,
1353,,,1.26,,,
1354,,,1.25,,,
1355,,,1.26,,,
1356,35.37,,,,,
1357,25.8,,,,,
1358,29.66,,,,,
1359,,,,,,10.49
1360,43.49,,,,,
1361,,15.05,,,,
1362,33.9,,,,,
1363,,,,,92.4,
1364,,,,,,8.22
1365,,24.86,,,,
1366,,,,,,5.58
1367,,16.3,,,,
1368,,,,34.35,,
1369,,,2.05,,,
1370,,,,57.57,,
1371,,,,,64.43,
1372,,,,,,12.61
1373,,,,,,9.3
1374,,,,,,7.72
1375,,7.22,,,,
1376,,,,21.64,,
1377,,,,,,5.24
1378,,,,76.06,,
1379,,47.43,,,,
1380,,,,91.19,,
1381,,,1.58,,,
1382,30.76,,,,,
1383,,,,,264.68,
1384,,,,,,51.98
1385,,,,,,22.8
1386,,,1.65,,,
1387,,,,,,14.01
1388,,,,,,9.49
1389,,21.91,,,,
1390,,,,,,55.65
1391,,,,,,77.17
1392,,30.18,,,,
1393,,,1.69,,,
1394,42.41,,,,,
1395,,,,32.5,,
1396,50.76,,,,,
1397,,,,37.83,,
1398,,,,,77.34,
1399,,,,,,13.08
1400,30.02,,,,,
1401,,,,,35.43,
1402,,,,,,11.74
1403,,,1.19,,,
1404,,10.23,,,,
1405,,,,,,13.41
1406,22.8,,,,,
1407,,22.13,,,,
1408,,14.36,,,,
1409,,,,,68.59,
1410,52.46,,,,,
1411,,,0.86,,,
1412,38.58,,,,,
1413,,,,,,27.49
1414,45.1,,,,,
1415,,,,,,18.77
1416,,,1.5,,,
1417,,,,,,10.46
1418,,,,13.94,,
1419,,,,,,7.24
1420,,,,,,7.16
1421,,,,14.17,,
1422,,,,,,6.55
1423,,,1.56,,,
1424,22.88,,,,,
1425,,,1.27,,,
1426,,,,,48.62,
1427,,,1.42,,,
1428,,,,,,7.64
1429,,,,45.36,,
1430,,,,,,5.18
1431,,10.06,,,,
1432,,,,,31.08,
1433,,,,,,10.92
1434,,,,36.82,,
1435,,,,24.56,,
1436,,,,,31.24,
1437,,6.4,,,,
1438,,,,,,7.02
1439,,5.61,,,,
1440,,,,,28.51,
1441,,11.91,,,,
1442,,,,,25.52,
1443,,,,,,7.13
1444,,,0.92,,,
1445,,,,15.67,,
1446,,,0.92,,,
1447,,,1.23,,,
1448,52.84,,,,,
1449,,,,,52.62,
1450,,,,,,5.59
1451,,,,,,4.7
1452,,,1.25,,,
1453,,,,50.01,,
1454,,,1.17,,,
1455,,9.52,,,,
1456,,,,,,4.86
1457,,,,,47.53,
1458,,,,,64.98,
1459,,,,24.16,,
1460,,11.29,,,,
1461,,,,,35.05,
1462,57.77,,,,,
1463,,13.86,,,,
1464,,10.53,,,,
1465,57.71,,,,,
1466,,,,51.35,,
1467,,,1.46,,,
1468,,16.82,,,,
1469,,,,74.92,,
1470,,,1.02,,,
1471,,,1.21,,,
1472,28.94,,,,,
1473,,,,,,4.56
1474,,,,,24.78,
1475,,,0.91,,,
1476,,9.88,,,,
1477,,,,20.16,,
1478,26.11,,,,,
1479,,,,,,11.68
1480,,15.81,,,,
1481,,,,37.53,,
1482,,,,,37.91,
1483,,,,21.82,,
1484,28.84,,,,,
1485,,,,21.26,,
1486,17.61,,,,,
1487,,,,,,8.97
1488,,,,,,7.98
1489,,,0.93,,,
1490,,,,,,11.39
1491,27.51,,,,,
1492,24.63,,,,,
1493,,,,,,10.95
1494,,40.16,,,,
1495,,23.11,,,,
1496,,14.53,,,,
1497,29.18,,,,,
1498,,,,19.97,,
1499,,,5.77,,,
1500,,7.26,,,,
1501,,,,,21.56,
1502,,,,19.63,,
1503,,,4.96,,,
1504,,,,,,4.79
1505,,,,,,1.16
1506,,,4.99,,,
1507,23.94,,,,,
1508,,,,,24.69,
1509,,13.11,,,,
1510,,,,,,0.69
1511,,,5.75,,,
1512,24.2,,,,,
1513,,,,,,25.0
1514,,,5.86,,,
1515,,,5.55,,,
1516,,7.07,,,,
1517,,,5.03,,,
1518,,,,,,2.46
1519,,,,,15.22,
1520,,5.29,,,,
1521,,,,,,2.48
1522,,,5.19,,,
1523,,,,,,5.26
1524,,,,111.52,,
1525,30.52,,,,,
1526,30.49,,,,,
1527,,,2.55,,,
1528,,,,24.7,,
1529,39.08,,,,,
1530,,8.15,,,,
1531,,,,,,2.28
1532,,,2.35,,,
1533,,,,26.9,,
1534,,,,65.28,,
1535,,,,,,11.86
1536,,26.39,,,,
1537,,,2.64,,,
1538,,,,,15.15,
1539,,6.46,,,,
1540,,,,,23.41,
1541,,,,,29.61,
1542,,,,,,2.4
1543,,,,41.44,,
1544,,,,,,3.21
1545,,,,71.45,,
1546,,,,,,2.34
1547,,,,30.16,,
1548,,,2.5,,,
1549,,,,,55.28,
1550,,22.52,,,,
1551,,,,,29.44,
1552,,,,28.57,,
1553,,,2.97,,,
1554,,,,,,3.15
1555,,,2.98,,,
1556,,4.76,,,,
1557,,5.14,,,,
1558,,4.75,,,,
1559,49.88,,,,,
1560,,,,,,3.69
1561,,,,,,15.79
1562,,,2.8,,,
1563,,7.82,,,,
1564,,,,,,8.68
1565,,,,22.37,,
1566,,,,,,2.57
1567,,,,16.4,,
1568,,,,,21.88,
1569,,,2.96,,,
1570,,,,,,1.94
1571,,,,64.06,,
1572,,,,,168.83,
1573,,,,156.02,,
1574,,,,,159.37,
1575,76.71,,,,,
1576,,,2.43,,,
1577,,,,,55.59,
1578,73.55,,,,,
1579,,6.98,,,,
1580,,,,,56.38,
1581,,,2.67,,,
1582,,11.64,,,,
1583,,9.91,,,,
1584,,,,,,2.18
1585,,,,,,2.08
1586,,5.1,,,,
1587,,5.17,,,,
1588,,,,30.53,,
1589,48.58,4.47,2.81,25.39,27.85,2.46
1590,55.61,,,,,
1591,,,,,,96.19
1592,,,3.34,,,
1593,,,3.38,,,
1594,,4.7,,,,
1595,,,2.96,,,
1596,,,2.93,,,
1597,67.37,,,,,
1598,,,2.94,,,
1599,,,,,,12.29
1600,,,,85.13,,
1601,,,,,,12.96
1602,,,,,,29.81
1603,,,,,21.28,
1604,,,,,46.47,
1605,,,,,,6.72
1606,,,,70.72,,
1607,,,2.59,,,
1608,,,,66.3,,
1609,33.99,,,,,
1610,,,,12.55,,
1611,,,,,17.82,
1612,,,,,,8.86
1613,,,2.52,,,
1614,18.69,,,,,
1615,,,,,30.85,
1616,,,2.31,,,
1617,,8.41,,,,
1618,,,2.64,,,
1619,,,,,23.51,
1620,,5.18,,,,
1621,35.51,,,,,
1622,25.12,,,,,
1623,,,,,,9.08
1624,,,,,87.27,
1625,,4.26,,,,
1626,,,,,79.13,
1627,,,,,,2.44
1628,,,,30.17,,
1629,,,,34.48,,
1630,,,,26.29,,
1631,,,,17.86,,
1632,21.81,,,,,
1633,,4.8,,,,
1634,24.36,,,,,
1635,,,,,72.22,
1636,,,2.89,,,
1637,,,,,33.31,
1638,,,,26.58,,
1639,,,,,,4.51
1640,,8.06,,,,
1641,,,3.2,,,
1642,,,,11.65,,
1643,26.15,,,,,
1644,,,,,,2.92
1645,,,3.38,,,
1646,,,3.42,,,
1647,,,,11.2,,
1648,,,,,,6.19
1649,,,,,31.6,
1650,,,2.44,,,
1651,17.42,,,,,
1652,,,,,,6.95
1653,,,,,95.59,
1654,,,,,53.59,
1655,,4.23,,,,
1656,23.55,,,,,
1657,,,,,,10.54
1658,,,,,44.51,
1659,,,,37.36,,
1660,,,2.43,,,
1661,,4.69,,,,
1662,,4.81,,,,
1663,,,,,40.94,
1664,,,2.46,,,
1665,,,,26.51,,
1666,,5.49,,,,
1667,,,,,,3.94
1668,,,,30.41,,
1669,,,,,,8.27
1670,,,,45.01,,
1671,,,,,,3.12
1672,,,,,12.55,
1673,,,,,14.65,
1674,25.06,,,,,
1675,34.92,,,,,
1676,,,,,,1.86
1677,,,3.04,,,
1678,,,,19.01,,
1679,,4.86,,,,
1680,,,,44.48,,
1681,,,2.93,,,
1682,,,2.99,,,
1683,,,3.1,,,
1684,,,4.34,,,
1685,,,5.44,,,
1686,,,,,,1.19
1687,,,4.38,,,
1688,41.29,,,,,
1689,,,,,,2.81
1690,,,,62.34,,
1691,,4.66,,,,
1692,,,,52.32,,
1693,,,,27.52,,
1694,,,,,37.85,
1695,,,,13.72,,
1696,,6.14,,,,
1697,,5.82,,,,
1698,,,,,11.34,
1699,,,,,11.83,
1700,,,3.11,,,
1701,,,,,17.26,
1702,,,,20.49,,
1703,34.37,,,,,
1704,,,,,,5.93
1705,,,,,193.73,
1706,,,,137.12,,
1707,,4.75,,,,
1708,,,,,104.31,
1709,,,3.19,,,
1710,,,,,63.17,
1711,,,3.23,,,
1712,,,,,,2.66
1713,,,,,,9.08
1714,,6.54,,,,
1715,,,3.45,,,
1716,,,,,,23.33
1717,,,,48.34,,
1718,24.88,,,,,
1719,35.92,,,,,
1720,,5.75,,,,
1721,,,,,,5.15
1722,,,,,,2.96
1723,,,3.24,,,
1724,,5.13,,,,
1725,,4.44,,,,
1726,,4.82,,,,
1727,,,,,88.5,
1728,,4.55,,,,
1729,,,,135.57,,
1730,,,,,176.54,
1731,,,,,,18.0
1732,,,3.3,,,
1733,,,3.69,,,
1734,,,,,70.31,
1735,,11.63,,,,
1736,,,4.14,,,
1737,,,,67.85,,
1738,,12.6,,,,
1739,,,,32.46,,
1740,,,,,24.97,
1741,,,,,,2.51
1742,43.56,,,,,
1743,,,,,168.32,
1744,,,,,,16.59
1745,61.17,,,,,
1746,,,,,,33.42
1747,,,,,,1.74
1748,,5.25,,,,
1749,,7.74,,,,
1750,,,,43.68,,
1751,,,3.22,,,
1752,,,3.14,,,
1753,,,,18.07,,
1754,,,,19.46,,
1755,,,,,,3.79
1756,,,4.11,,,
1757,,,,,31.43,
1758,,,,28.13,,
1759,,,,,,2.8
1760,,,3.68,,,
1761,,4.44,,,,
1762,,4.35,,,,
1763,,,,,,1.37
1764,39.2,,,,,
1765,,,2.94,,,
1766,,,,41.65,,
1767,33.73,,,,,
1768,,5.01,,,,
1769,,,,,14.68,
1770,,,,,17.63,
1771,,5.83,,,,
1772,,,2.98,,,
1773,17.52,,,,,
1774,,9.58,,,,
1775,,,2.63,,,
1776,,,3.18,,,
1777,,,,,,0.88
1778,,,,,,1.02
1779,,,,42.5,,
1780,,4.44,,,,
1781,,4.63,,,,
1782,,,,37.93,,
1783,,,,,,2.36
1784,,4.97,,,,
1785,,4.61,,,,
1786,,,,,,46.2
1787,,,,69.73,,
1788,,,,41.14,,
1789,,,,,,7.04
1790,26.82,,,,,
1791,,,,,,2.03
1792,,,,,10.47,
1793,24.6,,,,,
1794,,,,,14.16,
1795,,,2.65,,,
1796,27.59,,,,,
1797,,11.22,,,,
1798,27.49,,,,,
1799,,,,12.9,,
1800,,12.81,,,,
1801,,,,11.4,,
1802,,,,,,3.64
1803,,,,,17.76,
1804,17.33,,,,,
1805,,3.62,,,,
1806,,,,32.96,,
1807,,3.16,,,,
1808,,,,,35.82,
1809,18.19,,,,,
1810,16.56,,,,,
1811,17.72,,,,,
1812,,,,,30.97,
1813,,,,17.99,,
1814,16.01,,,,,
1815,,,,,16.86,
1816,,,2.95,,,
1817,,,,,,5.65
1818,,,,,,1.58
1819,,,,,,1.41
1820,,,,,8.87,
1821,15.1,10.96,3.54,9.4,11.48,2.08
1822,,,,10.51,,
1823,,,,9.26,,
1824,,,,,12.11,
1825,,,,,,1.18
1826,20.15,,,,,
1827,,,,,54.75,
1828,39.6,,,,,
1829,,,,15.92,,
1830,,,,13.48,,
1831,,,,,,5.13
1832,,,,,,5.56
1833,,,,,,6.62
1834,,,,,,8.82
1835,,,,,,25.68
1836,74.14,,,,,
1837,,30.67,,,,
1838,54.15,,,,,
1839,43.51,,,,,
1840,,,,35.31,,
1841,37.32,,,,,
1842,,,3.27,,,
1843,,13.08,,,,
1844,,,,,,17.45
1845,,,,,128.94,
1846,,,3.12,,,
1847,,17.18,,,,
1848,36.72,,,,,
1849,,,3.2,,,
1850,,9.96,,,,
1851,,,3.26,,,
1852,,,,,,5.98
1853,,,,,,5.11
1854,,,,14.8,,
1855,,,3.33,,,
1856,20.71,,,,,
1857,,,,,38.11,
1858,46.24,,,,,
1859,,,3.29,,,
1860,,,,,46.23,
1861,51.56,,,,,
1862,,,,,,4.74
1863,,27.14,,,,
1864,,,,25.26,,
1865,,,3.6,,,
1866,,,,,54.08,
1867,,19.92,,,,
1868,,,,,25.14,
1869,21.75,,,,,
1870,,,,,34.68,
1871,44.18,,,,,
1872,,,,20.06,,
1873,37.18,,,,,
1874,,,,,23.7,
1875,,,,16.57,,
1876,,,,,30.21,
1877,43.62,,,,,
1878,,24.23,,,,
1879,49.58,18.23,3.39,30.99,36.21,5.22
1880,,28.94,,,,
1881,,,,38.62,,
1882,,,,,,5.82
1883,,,3.46,,,
1884,,,,,31.32,
1885,,,,27.21,,
1886,,17.82,,,,
1887,,11.22,,,,
1888,,,,17.18,,
1889,,,,,26.83,
1890,27.98,,,,,
1891,47.08,,,,,
1892,,,,,28.12,
1893,,,,,,6.07
1894,,,,,30.09,
1895,,9.32,,,,
1896,,,3.24,,,
1897,,,,35.27,,
1898,,,,29.3,,
1899,26.34,,,,,
1900,,,,,34.31,
1901,19.59,,,,,
1902,,,,22.53,,
1903,,,,,,4.83
1904,,,3.13,,,
1905,,,,11.52,,
1906,,,,10.15,,
1907,,,,32.77,,
1908,,,,,27.9,
1909,,,,,23.42,
1910,,,3.12,,,
1911,15.97,,,,,
1912,15.0,,,,,
1913,,,,20.92,,
1914,,,,,35.56,
1915,24.75,,,,,
1916,,,,,,9.19
1917,,,3.03,,,
1918,,,,,34.83,
1919,,,,,40.9,
1920,,,,,50.63,
1921,15.78,,,,,
1922,,,,,,7.77
1923,,,,,,6.49
1924,,,3.37,,,
1925,,,,,,4.53
1926,15.91,,,,,
1927,,,3.48,,,
1928,14.87,,,,,
1929,,,,,,7.34
1930,,,,,,6.95
1931,26.65,,,,,
1932,28.76,,,,,
1933,,6.18,,,,
1934,,,,16.45,,
1935,,,,,,6.33
1936,,,,,,7.13
1937,,,,33.63,,
1938,28.31,,,,,
1939,,,4.05,,,
1940,36.37,,,,,
1941,34.97,,,,,
1942,,,,,,4.6
1943,,,,55.18,,
1944,,,,,,5.24
1945,,,,37.9,,
1946,58.9,,,,,
1947,,,,37.99,,
1948,,,4.25,,,
1949,,31.02,,,,
1950,,,,,101.61,
1951,,,,,,9.54
1952,31.36,,,,,
1953,,15.46,,,,
1954,,,4.23,,,
1955,,,,12.08,,
1956,,,3.98,,,
1957,,7.3,,,,
1958,31.14,,,,,
1959,,15.15,,,,
1960,,,,25.69,,
1961,,,,,38.42,
1962,,,4.61,,,
1963,,,,,83.19,
1964,,,4.87,,,
1965,,,4.64,,,
1966,,23.85,,,,
1967,,,,40.8,,
1968,,21.68,,,,
1969,,,4.4,,,
1970,,,,49.65,,
1971,,,,,,8.62
1972,,,,,26.74,
1973,45.58,,,,,
1974,50.16,,,,,
1975,,,,,18.14,
1976,,,,15.29,,
1977,43.26,,,,,
1978,35.35,,,,,
1979,,,,,38.85,
1980,,21.85,,,,
1981,,34.24,,,,
1982,,,,65.41,,
1983,,,,42.6,,
1984,,34.54,,,,
1985,,,,,,5.81
1986,62.06,,,,,
1987,,32.2,,,,
1988,,48.77,,,,
1989,,35.22,,,,
1990,,44.09,,,,
1991,,,,,116.55,
1992,,26.8,,,,
1993,29.19,,,,,
1994,,,3.96,,,
1995,,,,,,6.5
1996,,,,14.59,,
1997,,,,15.97,,
1998,27.6,,,,,
1999,,,3.29,,,
2000,,,,,,5.53
2001,,,3.52,,,
2002,24.38,,,,,
2003,28.54,22.54,4.88,53.85,59.77,5.92
2004,,,,,,6.34
2005,44.05,,,,,
2006,,,4.11,,,
2007,,,,109.74,,
2008,,,,85.3,,
2009,,,,60.94,,
2010,,,,,47.24,
2011,,,,,,4.92
2012,,18.94,,,,
2013,,,,,,39.0
2014,,,,,153.99,
2015,,,,103.39,,
2016,,,,71.89,,
2017,,20.82,,,,
2018,,,,,,7.98
2019,35.62,,,,,
2020,,15.64,,,,
2021,,,3.57,,,
2022,,,3.59,,,
2023,,,,14.84,,
2024,,,,22.19,,
2025,,,,,41.7,
2026,,,,,59.05,
2027,,,,,77.46,
2028,,22.78,,,,
2029,62.91,,,,,
2030,,,,64.48,,
2031,63.4,,,,,
2032,41.04,21.12,3.81,28.03,32.96,4.93
2033,,,,,34.63,
2034,,42.11,,,,
2035,,29.19,,,,
2036,,,,,23.2,
2037,,,,13.36,,
2038,,,,13.41,,
2039,,,,,,5.55
2040,29.31,,,,,
2041,,,3.87,,,
2042,,,,14.38,,
2043,47.12,,,,,
2044,,,,,26.75,
2045,33.09,,,,,
2046,,,,27.4,,
2047,,,4.09,,,
2048,,,4.08,,,
2049,,24.48,,,,
2050,,,3.99,,,
2051,,10.18,,,,
2052,,,3.48,,,
2053,,,,,,4.37
2054,,7.37,,,,
2055,,,,,,4.34
2056,,6.49,,,,
2057,28.1,,,,,
2058,,20.19,,,,
2059,,,,,16.08,
2060,,14.09,,,,
2061,,,,,15.76,
2062,,,,10.38,,
2063,,,,10.97,,
2064,,,,14.0,,
2065,16.46,,,,,
2066,,,,,,6.13
2067,30.99,,,,,
2068,,,3.17,,,
2069,,,,,34.28,
2070,44.49,,,,,
2071,,,,,42.89,
2072,,18.97,,,,
2073,,,,42.85,,
2074,,,2.96,,,
2075,,,,,,4.39
2076,,,2.86,,,
2077,,23.14,,,,
2078,41.36,,,,,
2079,40.47,,,,,
2080,,,3.32,,,
2081,,30.83,,,,
2082,32.05,,,,,
2083,,,,,20.86,
2084,,,,,,5.62
2085,,,,13.04,,
2086,,,,15.87,,
2087,,,3.69,,,
2088,,,3.53,,,
2089,,6.63,,,,
2090,,,,25.51,,
2091,,,,56.04,,
2092,,14.84,,,,
2093,,,,,82.7,
2094,95.36,,,,,
2095,,11.58,,,,
2096,66.27,,,,,
2097,,,,,,4.83
2098,,,,,30.23,
2099,,10.59,,,,
2100,40.42,,,,,
2101,,17.42,,,,
2102,,,,,,6.67
2103,,,,46.74,,
2104,,,,,,12.87
2105,33.34,,,,,
2106,,11.96,,,,
2107,30.65,,,,,
2108,,,,,,6.4
2109,,9.09,,,,
2110,,,,,,5.39
2111,,,,13.32,,
2112,,7.98,,,,
2113,,,,,22.24,
2114,,,,,,6.08
2115,,9.43,,,,
2116,,,,,,5.58
2117,70.16,,,,,
2118,,,,39.35,,
2119,,,,57.29,,
2120,,,,,46.19,
2121,,,,,39.97,
2122,,9.44,,,,
2123,,,3.86,,,
2124,,,,35.03,,
2125,,,,,,5.28
2126,50.3,,,,,
2127,43.86,,,,,
2128,58.61,,,,,
2129,,28.76,,,,
2130,,,3.8,,,
2131,,13.39,,,,
2132,,,,,,6.22
2133,,,,,19.02,
2134,,8.99,,,,
2135,,10.56,,,,
2136,,,3.86,,,
2137,,,,,,6.09
2138,,,,,,6.64
2139,,,,42.86,,
2140,,,,,46.47,
2141,,,,,39.13,
2142,,,3.83,,,
2143,67.26,,,,,
2144,,,,,27.91,
2145,,23.85,,,,
2146,,,3.73,,,
2147,,27.32,,,,
2148,,,,24.68,,
2149,,,,29.85,,
2150,,,,50.91,,
2151,,,,,75.82,
2152,51.54,,,,,
2153,,,3.85,,,
2154,,30.43,,,,
2155,,30.87,,,,
2156,,,,15.59,,
2157,,,4.0,,,
2158,,,,,,5.11
2159,,,,,,4.52
2160,,,,13.44,,
2161,,,,36.73,,
2162,,,,,,8.36
2163,23.55,,,,,
2164,46.74,,,,,
2165,47.21,,,,,
2166,,,,,71.16,
2167,56.15,,,,,
2168,48.7,,,,,
2169,44.23,,,,,
2170,38.7,,,,,
2171,,,5.21,,,
2172,26.63,,,,,
2173,,37.02,,,,
2174,44.81,,,,,
2175,,,,18.31,,
2176,,,,,20.46,
2177,,,,,22.51,
2178,,,4.46,,,
2179,,19.9,,,,
2180,,,,,,5.39
2181,,,,20.42,,
2182,,,,,29.16,
2183,,,4.28,,,
2184,,31.93,,,,
2185,,22.5,,,,
2186,62.32,19.3,4.59,60.47,66.3,5.83
2187,,,5.68,,,
2188,,,,37.21,,
2189,,,,26.46,,
2190,,12.41,,,,
2191,,,,34.78,,
2192,,,4.93,,,
2193,,,,,38.97,
2194,,,,,35.11,
2195,,,4.39,,,
2196,,,,61.03,,
2197,,43.75,,,,
2198,,,,,,9.0
2199,28.63,,,,,
2200,38.37,,,,,
2201,40.16,,,,,
2202,38.12,,,,,
2203,,,4.45,,,
2204,,,4.28,,,
2205,,,,,28.91,
2206,,,,,,6.0
2207,38.03,,,,,
2208,,,3.76,,,
2209,,7.05,,,,
2210,,,4.25,,,
2211,,,,,53.82,
2212,,8.57,,,,
2213,,19.8,,,,
2214,,14.62,,,,
2215,,,,,,5.46
2216,,30.84,,,,
2217,,,,,,5.45
2218,,21.49,,,,
2219,37.79,,,,,
2220,44.03,,,,,
2221,,,,35.16,,
2222,,14.43,,,,
2223,,,4.27,,,
2224,32.38,,,,,
2225,,,4.04,,,
2226,,,,15.69,,
2227,,,,,25.29,
2228,,,,,32.16,
2229,,,,,46.9,
2230,,,,35.88,,
2231,,38.82,,,,
2232,61.74,,,,,
2233,57.9,,,,,
2234,,,3.48,,,
2235,,,3.44,,,
2236,,18.39,,,,
2237,,,,,16.5,
2238,21.55,,,,,
2239,,,3.35,,,
2240,,,,12.92,,
2241,,,2.79,,,
2242,,,,19.3,,
2243,,,,,35.23,
2244,,,3.42,,,
2245,,,,29.28,,
2246,,,,,33.99,
2247,,,,,,4.89
2248,,,,,39.23,
2249,,,,,,4.35
2250,,,3.51,,,
2251,,,,17.07,,
2252,,16.57,,,,
2253,,,,,15.87,
2254,17.45,,,,,
2255,,,3.34,,,
2256,27.13,,,,,
2257,,,3.64,,,
2258,,21.26,,,,
2259,,,,,,7.4
2260,,,,,30.37,
2261,33.04,,,,,
2262,,,,,,5.39
2263,,,3.42,,,
2264,,,,18.66,,
2265,,,,17.22,,
2266,,,3.07,,,
2267,,,,37.95,,
2268,,,,79.86,,
2269,,,,,103.46,
2270,45.32,,,,,
2271,,,4.56,,,
2272,,,,,,30.73
2273,53.19,,,,,
2274,,,,,,5.96
2275,,,,48.8,,
2276,,28.71,,,,
2277,,,4.07,,,
2278,47.48,,,,,
2279,,,,,,8.42
2280,,,3.59,,,
2281,,,3.63,,,
2282,,,3.63,,,
2283,,,,,,4.96
2284,,,,11.88,,
2285,,,,12.55,,
2286,,7.36,,,,
2287,,,,27.69,,
2288,,20.93,,,,
2289,48.68,,,,,
2290,,,3.92,,,
2291,,,,137.1,,
2292,,,,,,59.4
2293,84.36,33.76,4.29,200.42,340.65,140.23
2294,,,,168.57,,
2295,,,4.98,,,
2296,63.28,,,,,
2297,,,,,,5.44
2298,,,,,,6.72
2299,,,,,,18.42
2300,,,,,159.63,
2301,,,,,,77.78
2302,,50.91,,,,
2303,,42.3,,,,
2304,,,,,81.88,
2305,,23.42,,,,
2306,,,4.33,,,
2307,,,,22.94,,
2308,,27.05,,,,
2309,,,3.88,,,
2310,64.64,,,,,
2311,,,3.06,,,
2312,,,,,27.99,
2313,,,,16.98,,
2314,31.56,,,,,
2315,,,,,,4.2
2316,,10.16,,,,
2317,,7.12,,,,
2318,,,,,,5.81
2319,,7.05,,,,
2320,,,,,,5.71
2321,,,,,15.63,
2322,,,,,17.49,
2323,,,3.42,,,
2324,15.9,,,,,
2325,,,3.29,,,
2326,,,,21.77,,
2327,24.95,,,,,
2328,21.92,,,,,
2329,,11.42,,,,
2330,,,,,,5.07
2331,,22.68,,,,
2332,,,,80.14,,
2333,24.49,,,,,
2334,,,4.0,,,
2335,,,,,,4.98
2336,,15.38,,,,
2337,,21.12,,,,
2338,,,,49.67,,
2339,,,,,,21.12
2340,,28.39,,,,
2341,,,,,48.84,
2342,,,3.43,,,
2343,,,,25.73,,
2344,,,4.39,,,
2345,,,,,27.34,
2346,,,5.06,,,
2347,42.04,,,,,
2348,,,,22.03,,
2349,,,,24.31,,
2350,,,,26.96,,
2351,,,,,,9.03
2352,,,,,45.48,
2353,,15.91,,,,
2354,,,,,69.87,
2355,,,,,68.89,
2356,,,,,65.84,
2357,,,,,45.98,
2358,,11.61,,,,
2359,,,4.68,,,
2360,,,4.15,,,
2361,19.34,,,,,
2362,,20.14,,,,
2363,30.54,,,,,
2364,,27.03,,,,
2365,,,,,30.19,
2366,39.08,,,,,
2367,,,,,,5.97
2368,,,3.76,,,
2369,,,,17.25,,
2370,,,,,25.56,
2371,,,,,,6.0
2372,,,,23.91,,
2373,,,,,34.35,
2374,,7.59,,,,
2375,,,4.37,,,
2376,,,5.31,,,
2377,,,5.12,,,
2378,,,,,,6.45
2379,,,,,60.19,
2380,,,3.52,,,
2381,,,,42.65,,
2382,34.41,,,,,
2383,,,,,,4.73
2384,33.2,,,,,
2385,,,,,,12.4
2386,,,,29.32,,
2387,,,,18.91,,
2388,,,,14.54,,
2389,,,,,17.05,
2390,,6.33,,,,
2391,29.95,,,,,
2392,,,,29.25,,
2393,,6.94,,,,
2394,,,,,,41.84
2395,,,,,198.97,
2396,,,,,,7.22
2397,,24.95,,,,
2398,,,3.23,,,
2399,56.67,,,,,
2400,45.99,,,,,
2401,,,2.88,,,
2402,44.24,,,,,
2403,,17.84,,,,
2404,,,,,90.72,
2405,44.14,,,,,
2406,,,,,111.56,
2407,,,2.87,,,
2408,31.97,,,,,
2409,,8.42,,,,
2410,,,0.77,,,
2411,15.34,,,,,
2412,,,,,52.02,
2413,,14.73,,,,
2414,,,,56.07,,
2415,,13.25,,,,
2416,,,,,49.85,
2417,,,2.66,,,
2418,,11.75,,,,
2419,,,,,49.59,
2420,,,,,,5.12
2421,37.51,,,,,
2422,39.91,36.29,2.55,84.54,115.62,31.08
2423,,31.82,,,,
2424,33.06,,,,,
2425,,8.77,,,,
2426,,,,22.48,,
2427,,,,18.04,,
2428,23.38,,,,,
2429,,,,,39.93,
2430,26.76,,,,,
2431,,,,,125.17,
2432,,,,,228.32,
2433,,,,,,116.88
2434,,15.56,,,,
2435,,,,,,74.12
2436,,,,,,13.45
2437,,,,,66.33,
2438,46.36,,,,,
2439,,,2.78,,,
2440,,,,,,17.02
2441,28.87,,,,,
2442,,,,30.26,,
2443,,,,,32.21,
2444,,,,,28.16,
2445,28.34,,,,,
2446,,,,17.23,,
2447,,,,,29.07,
2448,,,,,,5.73
2449,,,,,75.13,
2450,45.83,6.74,3.53,130.16,150.74,20.58
2451,,,,155.93,,
2452,74.01,,,,,
2453,,28.05,,,,
2454,,,,114.55,,
2455,,,,,84.65,
2456,,,,71.23,,
2457,61.97,,,,,
2458,,,,,63.28,
2459,53.95,,,,,
2460,,,3.77,,,
2461,,37.15,,,,
2462,,,,78.09,,
2463,,,,,67.97,
2464,,,,,,7.15
2465,,,4.07,,,
2466,38.62,,,,,
2467,,,,27.69,,
2468,,,5.16,,,
2469,,,,,40.32,
2470,,,,,,8.09
2471,,,,,,9.46
2472,,20.34,,,,
2473,,,4.25,,,
2474,,,,62.0,,
2475,,,,,,8.13
2476,80.66,,,,,
2477,,,,,,6.62
2478,,,,,,6.44
2479,,,4.75,,,
2480,,51.55,,,,
2481,56.33,,,,,
2482,49.12,,,,,
2483,,,,96.89,,
2484,,,,,,9.89
2485,,,4.16,,,
2486,56.97,36.93,4.05,12.08,17.56,5.48
2487,,,,14.49,,
2488,,,,18.07,,
2489,,,,,,6.58
2490,,,,,23.27,
2491,,,4.22,,,
2492,40.6,,,,,
2493,,8.29,,,,
2494,,,,,115.55,
2495,,,,,,24.56
2496,,27.23,,,,
2497,,33.42,,,,
2498,,,,,,5.33
2499,,,4.1,,,
2500,,,,,,4.79
2501,,,4.18,,,
2502,,,,18.45,,
2503,31.72,,,,,
2504,30.74,,,,,
2505,29.96,,,,,
2506,,,3.84,,,
2507,,45.99,,,,
2508,42.51,39.74,3.67,54.54,67.84,13.3
2509,,,,45.33,,
2510,,,,16.53,,
2511,42.76,,,,,
2512,,,,,25.61,
2513,,9.32,,,,
2514,,8.85,,,,
2515,,,3.44,,,
2516,,,3.24,,,
2517,81.7,,,,,
2518,62.82,,,,,
2519,46.37,,,,,
2520,,,,27.46,,
2521,27.75,,,,,
2522,28.58,,,,,
2523,,,,,18.55,
2524,,,,7.88,,
2525,,,,,12.53,
2526,,,2.29,,,
2527,,29.15,,,,
2528,,,,14.05,,
2529,,,,,,5.22
2530,,,,12.33,,
2531,45.5,,,,,
2532,,,,,,5.24
2533,,,,,,5.94
2534,,10.15,,,,
2535,,,2.65,,,
2536,,,,66.0,,
2537,,,,,70.92,
2538,,,,48.16,,
2539,,,,47.34,,
2540,,,,57.95,,
2541,,,,,42.93,
2542,41.12,,,,,
2543,,,,,27.22,
2544,,18.34,,,,
2545,,,,,65.77,
2546,,,,,,12.39
2547,,,,,,9.96
2548,,26.94,,,,
2549,,,,34.83,,
2550,73.9,45.92,3.46,41.07,48.83,7.76
2551,,,,31.09,,
2552,,,,,,5.1
2553,,,,,31.7,
2554,,,,,26.97,
2555,,26.9,,,,
2556,,,,27.16,,
2557,28.73,,,,,
2558,,19.38,,,,
2559,,,,,23.41,
2560,,12.46,,,,
2561,,12.56,,,,
2562,39.03,,,,,
2563,,,,,28.55,
2564,,,,37.15,,
2565,,,3.65,,,
2566,,9.82,,,,
2567,,,,,,5.21
2568,,16.23,,,,
2569,,13.78,,,,
2570,,,,,33.78,
2571,,,,23.51,,
2572,,,3.5,,,
2573,21.75,,,,,
2574,18.41,,,,,
2575,26.95,,,,,
2576,,,2.98,,,
2577,,,,12.42,,
2578,,10.59,,,,
2579,44.88,,,,,
2580,,,3.18,,,
2581,,,,,40.45,
2582,,,,,33.89,
2583,,,2.81,,,
2584,,13.0,,,,
2585,,,,26.69,,
2586,,22.02,,,,
2587,,22.19,,,,
2588,,,,,,4.45
2589,34.42,,,,,
2590,,,,,,7.57
2591,,,,,,5.96
2592,,,,,,5.69
2593,,,,,,6.07
2594,,,,17.27,,
2595,,,,,20.66,
2596,44.56,,,,,
2597,,,,,23.5,
2598,,,,,,5.67
2599,,,,,67.99,
2600,,12.52,,,,
2601,,,3.59,,,
2602,,,,,,11.42
2603,,,,160.0,,
2604,,,,,404.49,
2605,,,,143.94,,
2606,,28.72,,,,
2607,,,,127.56,,
2608,,,,,88.43,
2609,,,,,27.98,
2610,,,,,,11.24
2611,,,,,,12.14
2612,55.55,,,,,
2613,,,,,73.04,
2614,,,3.34,,,
2615,55.22,,,,,
2616,,,,22.1,,
2617,,,3.57,,,
2618,,,,,,10.17
2619,,,,85.76,,
2620,,,3.76,,,
2621,,,,,115.62,
2622,,,,,107.91,
2623,,,4.59,,,
2624,,,3.94,,,
2625,,,,,49.13,
2626,,,,,94.7,
2627,,20.92,,,,
2628,,29.08,,,,
2629,,,3.6,,,
2630,49.59,,,,,
2631,,,,,25.66,
2632,,,3.18,,,
2633,,,3.25,,,
2634,,,,19.19,,
2635,56.36,,,,,
2636,,,3.26,,,
2637,,,,,50.32,
2638,,,3.47,,,
2639,76.51,,,,,
2640,,,,,,5.39
2641,,,,,95.98,
2642,,,3.99,,,
2643,,,,,,19.68
2644,,,,,155.85,
2645,65.66,,,,,
2646,,32.62,,,,
2647,,,,,,7.01
2648,,,,,139.14,
2649,,49.22,,,,
2650,,,,,99.78,
2651,,,,37.42,,
2652,,,3.72,,,
2653,,,,,,6.12
2654,,,,,25.64,
2655,,,4.04,,,
2656,,,,,26.53,
2657,,,,,,8.39
2658,,,,51.98,,
2659,,,4.06,,,
2660,,20.8,,,,
2661,84.0,18.2,4.27,121.24,141.87,20.63
2662,,,,111.53,,
2663,70.43,,,,,
2664,,,5.75,,,
2665,,,,,84.01,
2666,,,,,,5.94
2667,,,4.51,,,
2668,70.1,,,,,
2669,,22.7,,,,
2670,60.85,,,,,
2671,,54.76,,,,
2672,,,,,103.73,
2673,,,4.41,,,
2674,,,,35.12,,
2675,,15.14,,,,
2676,,,,,29.64,
2677,,,,19.29,,
2678,,,,,29.38,
2679,,,,,,4.85
2680,,,,,54.22,
2681,,,,,,109.05
2682,,,,,419.79,
2683,,,4.29,,,
2684,,35.24,,,,
2685,,39.98,,,,
2686,,,,,75.19,
2687,,,,,54.14,
2688,59.21,,,,,
2689,,30.84,,,,
2690,,,4.09,,,
2691,,,,,92.66,
2692,,,,,140.78,
2693,,,,,,38.33
2694,,46.66,,,,
2695,,,,,,9.9
2696,,,,,,5.5
2697,,,,17.98,,
2698,,,,,22.19,
2699,,,,,28.57,
2700,,,,,,5.45
2701,,,,,25.82,
2702,,,,,,7.54
2703,42.99,,,,,
2704,,,,165.52,,
2705,,13.36,,,,
2706,,,,,257.7,
2707,100.87,34.43,5.88,147.85,235.03,87.18
2708,,,,111.34,,
2709,,,,,,15.84
2710,,,,93.28,,
2711,,,,,65.6,
2712,,,,,50.99,
2713,,,,,,5.44
2714,,,,,71.9,
2715,,,,,,36.61
2716,48.05,,,,,
2717,,,4.31,,,
2718,,,,,40.0,
2719,,,,,26.99,
2720,,,4.01,,,
2721,,,,,,5.45
2722,,,,18.97,,
2723,,,4.37,,,
2724,,,,,26.24,
2725,,,,,,5.09
2726,,,,,,5.61
2727,,,,,67.48,
2728,47.39,,,,,
2729,,,,130.2,,
2730,,,,,91.96,
2731,,,,65.52,,
2732,,,5.28,,,
2733,,,,80.86,,
2734,,13.32,,,,
2735,46.81,,,,,
2736,,,,,54.91,
2737,,,4.41,,,
2738,,13.03,,,,
2739,,22.08,,,,
2740,,,,,,8.07
2741,,28.43,,,,
2742,,,,23.54,,
2743,,,,,26.39,
2744,,9.08,,,,
2745,,,4.65,,,
2746,,,4.75,,,
2747,38.04,,,,,
2748,,,,,30.5,
2749,34.62,,,,,
2750,,,,31.9,,
2751,,,,,41.45,
2752,,,4.42,,,
2753,,,,,,5.15
2754,,,5.0,,,
2755,,,5.16,,,
2756,,,4.78,,,
2757,,,,,,4.31
2758,,,,14.2,,
2759,,,,,20.99,
2760,,,5.39,,,
2761,38.65,,,,,
2762,,16.08,,,,
2763,44.96,,,,,
2764,56.91,36.12,6.65,53.63,68.23,14.6
2765,,,,41.75,,
2766,60.94,,,,,
2767,,19.54,,,,
2768,,,4.12,,,
2769,,,4.25,,,
2770,,,,22.31,,
2771,36.41,,,,,
2772,,,,25.74,,
2773,,,,23.7,,
2774,40.24,,,,,
2775,,7.03,,,,
2776,,,,71.01,,
2777,,,,,,4.79
2778,59.06,,,,,
2779,,,,26.7,,
2780,,16.84,,,,
2781,,,,,,4.25
2782,,,4.03,,,
2783,,,,24.58,,
2784,,,,34.96,,
2785,,,5.4,,,
2786,,,6.09,,,
2787,,,,95.11,,
2788,,52.12,,,,
2789,49.89,,,,,
2790,,,,,25.69,
2791,,,4.17,,,
2792,,,,,14.33,
2793,42.48,,,,,
2794,,,,13.11,,
2795,39.22,,,,,
2796,36.76,,,,,
2797,29.14,,,,,
2798,,,,80.0,,
2799,,6.38,,,,
2800,50.92,,,,,
2801,,7.24,,,,
2802,,,,124.64,,
2803,,,,100.04,,
2804,,,,,,11.59
2805,,,,,109.74,
2806,51.11,,,,,
2807,49.98,,,,,
2808,,,,54.45,,
2809,,,,70.14,,
2810,,,,,,72.35
2811,,33.56,,,,
2812,,,,89.22,,
2813,,,,,73.91,
2814,,,,,,7.7
2815,,,,23.27,,
2816,,,,,,5.69
2817,,,4.95,,,
2818,,,,,28.85,
2819,,,,,23.14,
2820,,,,,,5.48
2821,,5.78,,,,
2822,,,4.67,,,
2823,,6.95,,,,
2824,55.71,,,,,
2825,,,9.02,,,
2826,,,,,124.07,
2827,,28.65,,,,
2828,62.59,,,,,
2829,,,,,,6.27
2830,57.84,,,,,
2831,,,,38.54,,
2832,,,,39.26,,
2833,,,,,,11.99
2834,,,5.32,,,
2835,,,5.45,,,
2836,,,,,114.14,
2837,,46.96,,,,
2838,,,,49.2,,
2839,43.74,,,,,
2840,,,,17.82,,
2841,40.83,,,,,
2842,,,,20.37,,
2843,,,5.76,,,
2844,,,,,,6.13
2845,,,,,35.46,
2846,,,,,,6.61
2847,,,,,77.81,
2848,,,,59.79,,
2849,,,,,59.91,
2850,,,,,,4.82
2851,,11.56,,,,
2852,,,,,,4.68
2853,48.37,,,,,
2854,,,,38.25,,
2855,49.54,,,,,
2856,,,7.95,,,
2857,,,,56.44,,
2858,,,4.84,,,
2859,,24.49,,,,
2860,,,,,,5.57
2861,,,4.57,,,
2862,,,,,19.47,
2863,,,,,23.67,
2864,,7.06,,,,
2865,,7.07,,,,
2866,,,4.38,,,
2867,,,,79.38,,
2868,,,,,,5.55
2869,,17.44,,,,
2870,,18.47,,,,
2871,,,,,,4.72
2872,,,,,30.25,
2873,,,,,33.48,
2874,,,,,32.11,
2875,22.46,,,,,
2876,,,,,,4.33
2877,,,,,,4.65
2878,,,,55.68,,
2879,,,,,83.73,
2880,,,4.36,,,
2881,,,,30.23,,
2882,,,,27.74,,
2883,47.9,,,,,
2884,,,3.89,,,
2885,,,,,25.18,
2886,,,3.93,,,
2887,,13.24,,,,
2888,,,,,26.86,
2889,,,,,,6.62
2890,,,,,,5.41
2891,56.45,,,,,
2892,,,,155.12,,
2893,,,,,259.41,
2894,,,5.33,,,
2895,,38.14,,,,
2896,,,6.0,,,
2897,,,,,98.89,
2898,,24.98,,,,
2899,,57.59,,,,
2900,54.76,,,,,
2901,,30.87,,,,
2902,,,4.32,,,
2903,,14.03,,,,
2904,,11.62,,,,
2905,33.13,,,,,
2906,,,,,,5.98
2907,,,,,,6.32
2908,,,,,36.8,
2909,36.77,,,,,
2910,,,,,140.2,
2911,46.82,,,,,
2912,,,,,,55.79
2913,,,,,,14.71
2914,,35.85,,,,
2915,63.83,,,,,
2916,64.3,,,,,
2917,,16.2,,,,
2918,,21.25,,,,
2919,,,,36.04,,
2920,,,4.74,,,
2921,,,,,,15.53
2922,,,,,,7.71
2923,,,5.34,,,
2924,,,4.67,,,
2925,,,4.01,,,
2926,,,,,,6.04
2927,,,,,19.27,
2928,,,3.79,,,
2929,68.16,31.17,3.8,21.07,26.6,5.53
2930,,,3.94,,,
2931,58.59,14.78,3.64,60.87,69.5,8.63
2932,,8.93,,,,
2933,,29.12,,,,
2934,,,,,,4.6
2935,,,,,38.73,
2936,64.95,,,,,
2937,65.49,,,,,
2938,,37.07,,,,
2939,,31.01,,,,
2940,,,,,,4.6
2941,56.21,,,,,
2942,,,,,,21.11
2943,,,3.7,,,
2944,53.99,,,,,
2945,,,3.28,,,
2946,,32.69,,,,
2947,,,,14.83,,
2948,,,4.11,,,
2949,,,,,,5.44
2950,,9.34,,,,
2951,,,,,,5.11
2952,,,,,,4.78
2953,,,1.87,,,
2954,,,,28.47,,
2955,,,,27.87,,
2956,,,,,33.14,
2957,,,4.09,,,
2958,47.03,,,,,
2959,46.1,,,,,
2960,,,,9.99,,
2961,,23.07,,,,
2962,,,,,,4.46
2963,,,,29.68,,
2964,,37.16,,,,
2965,,,3.88,,,
2966,53.42,50.96,3.53,15.18,21.13,5.95
2967,,,,,19.24,
2968,,,,10.74,,
2969,,,,,16.78,
2970,,,,,16.45,
2971,,20.9,,,,
2972,68.59,,,,,
2973,,15.56,,,,
2974,,,,,,5.58
2975,,,,,44.03,
2976,,,3.52,,,
2977,,,,28.39,,
2978,,,,,,4.67
2979,,,,,38.94,
2980,,,3.06,,,
2981,34.16,,,,,
2982,,,,15.45,,
2983,,,,,14.93,
2984,,,,9.75,,
2985,20.63,,,,,
2986,,,,,,4.54
2987,,,,17.95,,
2988,,,,21.97,,
2989,36.07,,,,,
2990,,,,27.76,,
2991,,,,27.64,,
2992,26.96,,,,,
2993,,,2.55,,,
2994,,,,89.3,,
2995,,29.4,,,,
2996,29.7,,,,,
2997,,12.88,,,,
2998,,,,,,11.62
2999,,,,64.57,,
3000,,11.06,,,,
3001,,,2.31,,,
3002,,,2.54,,,
3003,,,,,,5.92
3004,,20.03,,,,
3005,,,,34.45,,
3006,,,2.29,,,
3007,44.8,,,,,
3008,33.96,,,,,
3009,,24.15,,,,
3010,,15.35,,,,
3011,,,,47.14,,
3012,,,,,45.14,
3013,,,,28.11,,
3014,,,,18.94,,
3015,,17.76,,,,
3016,,,,,63.68,
3017,,,,,103.16,
3018,49.8,,,,,
3019,39.06,,,,,
3020,,,,106.53,,
3021,,,,,,47.84
3022,,,,76.61,,
3023,,,,52.58,,
3024,,,,,51.32,
3025,,,,,,6.23
3026,,,2.18,,,
3027,,,,,82.71,
3028,,,,77.31,,
3029,,51.07,,,,
3030,,,2.27,,,
3031,41.13,,,,,
3032,,,,,30.67,
3033,,,1.98,,,
3034,,,1.81,,,
3035,,,2.0,,,
3036,,,,,,4.95
3037,,,,133.45,,
3038,,,,,,30.24
3039,,,,17.03,,
3040,27.62,,,,,
3041,,8.64,,,,
3042,,,,,,5.59
3043,37.71,,,,,
3044,,30.19,,,,
3045,,,,32.56,,
3046,42.99,,,,,
3047,42.98,,,,,
3048,,,,,,5.96
3049,,,2.48,,,
3050,,,,,33.87,
3051,,21.59,,,,
3052,,,,,,5.43
3053,,29.78,,,,
3054,,,1.88,,,
3055,,,,,,15.36
3056,,,,,,16.63
3057,,,1.69,,,
3058,34.56,,,,,
3059,,,,,,5.38
3060,,17.19,,,,
3061,,10.87,,,,
3062,23.5,,,,,
3063,39.73,,,,,
3064,,,3.96,,,
3065,,,3.91,,,
3066,,,,50.47,,
3067,,,,57.21,,
3068,,,,33.73,,
3069,,5.77,,,,
3070,,,,,27.49,
3071,55.11,,,,,
3072,,,,16.67,,
3073,,22.88,,,,
3074,36.61,,,,,
3075,,19.2,,,,
3076,31.74,,,,,
3077,,,,,22.25,
3078,24.18,,,,,
3079,,,1.83,,,
3080,,23.5,,,,
3081,,,,17.56,,
3082,,,,15.8,,
3083,19.49,,,,,
3084,25.31,,,,,
3085,46.74,,,,,
3086,33.27,,,,,
3087,,,2.61,,,
3088,34.54,,,,,
3089,,,,84.32,,
3090,54.84,11.89,2.4,66.18,75.82,9.64
3091,,,,,,34.49
3092,,,3.86,,,
3093,,,,,,8.92
3094,,35.71,,,,
3095,,,,35.04,,
3096,37.35,,,,,
3097,,,,,30.26,
3098,28.62,,,,,
3099,,,,24.64,,
3100,,,,,48.74,
3101,,25.92,,,,
3102,,,3.17,,,
3103,,,,,77.1,
3104,,,,,,15.42
3105,,,,,,7.35
3106,,,2.84,,,
3107,,,,,,6.08
3108,,,,17.69,,
3109,,,,,,5.92
3110,,9.94,,,,
3111,,7.29,,,,
3112,,7.69,,,,
3113,40.61,,,,,
3114,,,,,,5.85
3115,45.28,,,,,
3116,,,3.48,,,
3117,,,,,27.49,
3118,,18.01,,,,
3119,49.91,,,,,
3120,35.15,,,,,
3121,,,2.67,,,
3122,41.01,,,,,
3123,,,,16.92,,
3124,,,2.98,,,
3125,22.66,,,,,
3126,,,,,21.4,
3127,,,,,,5.91
3128,30.24,,,,,
3129,37.66,,,,,
3130,63.87,,,,,
3131,,,,,137.19,
3132,,,,,98.93,
3133,,,,,,19.37
3134,,,,,49.81,
3135,,25.32,,,,
3136,,,,18.41,,
3137,40.06,,,,,
3138,,,3.47,,,
3139,,,,,,4.26
3140,,5.18,,,,
3141,,6.79,,,,
3142,,,,,92.52,
3143,,15.09,,,,
3144,,,,,,20.21
3145,,,,,44.58,
3146,,,,,21.91,
3147,,16.98,,,,
3148,,,,12.1,,
3149,,,,,,5.65
3150,27.94,,,,,
3151,,,3.63,,,
3152,,,3.82,,,
3153,40.86,,,,,
3154,,7.4,,,,
3155,,,,,,203.07
3156,,31.41,,,,
3157,,,,114.99,,
3158,,37.54,,,,
3159,,,,,,29.76
3160,,22.44,,,,
3161,81.73,,,,,
3162,,,4.22,,,
3163,,,,,51.99,
3164,55.93,16.91,4.83,53.2,59.05,5.85
3165,,18.01,,,,
3166,,13.06,,,,
3167,,41.73,,,,
3168,56.95,,,,,
3169,,,,,,37.46
3170,,35.34,,,,
3171,,20.76,,,,
3172,,,,13.28,,
3173,,,,,,5.3
3174,,,,,,5.91
3175,28.82,8.58,5.67,20.47,26.21,5.74
3176,,,,30.03,,
3177,,,,,108.76,
3178,,,,,187.82,
3179,,,,132.92,,
3180,,,,,,18.65
3181,,15.52,,,,
3182,,,,,174.69,
3183,,,5.69,,,
3184,,,,,52.51,
3185,,,,34.58,,
3186,,,,35.99,,
3187,,,,,,5.02
3188,,,,37.87,,
3189,,,,,,23.49
3190,,,5.37,,,
3191,71.9,,,,,
3192,,,,,150.21,
3193,,54.86,,,,
3194,,,5.59,,,
3195,,,,,,12.95
3196,56.46,,,,,
3197,,,5.76,,,
3198,,,,17.68,,
3199,32.47,,,,,
3200,,,,25.29,,
3201,32.05,,,,,
3202,,6.28,,,,
3203,,,,,283.79,
3204,,9.43,,,,
3205,,,,156.29,,
3206,,,,,168.84,
3207,24.48,,,,,
3208,,,,73.67,,
3209,,,,,71.84,
3210,,,,,,8.18
3211,,,,37.06,,
3212,,,,40.6,,
3213,,,,109.71,,
3214,82.66,,,,,
3215,,74.17,,,,
3216,,,6.99,,,
3217,,31.37,,,,
3218,,,,,52.91,
3219,,,,,22.85,
3220,,,,15.74,,
3221,,,,,,9.07
3222,,,6.59,,,
3223,,,,,48.85,
3224,,,6.02,,,
3225,,,,,,158.43
3226,,,,176.45,,
3227,,,5.94,,,
3228,,,,118.67,,
3229,,,4.76,,,
3230,,,,,104.44,
3231,,,,64.52,,
3232,,,,40.34,,
3233,,,,,,7.75
3234,49.11,,,,,
3235,,,3.94,,,
3236,,,,49.48,,
3237,,,4.57,,,
3238,,41.87,,,,
3239,,,7.29,,,
3240,78.03,,,,,
3241,,,,,,32.31
3242,,,5.5,,,
3243,47.12,17.78,5.63,23.0,32.3,9.3
3244,,,,,24.31,
3245,,,,,,9.68
3246,,,,18.17,,
3247,,15.28,,,,
3248,,,,,,19.31
3249,,,4.73,,,
3250,,,,,,19.77
3251,,,,43.58,,
3252,,,5.91,,,
3253,,,,83.56,,
3254,,,6.58,,,
3255,,,5.42,,,
3256,,,,,55.93,
3257,,36.41,,,,
3258,,20.6,,,,
3259,,,,,,8.57
3260,,,4.95,,,
3261,,,,66.35,,
3262,,,,,111.29,
3263,,,,64.21,,
3264,,,,,,22.08
3265,,,4.79,,,
3266,,,,,,10.44
3267,51.22,,,,,
3268,,7.87,,,,
3269,,,,,,8.4
3270,,,,,,7.61
3271,,,,27.53,,
3272,,,,,,185.35
3273,,,,,347.78,
3274,,,5.04,,,
3275,,,,,98.42,
3276,,27.41,,,,
3277,,35.59,,,,
3278,,,,,70.11,
3279,,,5.1,,,
3280,,,4.68,,,
3281,,,4.63,,,
3282,,24.43,,,,
3283,56.01,,,,,
3284,,,4.63,,,
3285,79.52,,,,,
3286,,,,117.57,,
3287,,,,,,23.59
3288,69.7,,,,,
3289,,,,,21.6,
3290,48.05,,,,,
3291,,,5.08,,,
3292,,23.92,,,,
3293,,,4.99,,,
3294,,,,41.5,,
3295,,11.5,,,,
3296,73.94,,,,,
3297,,13.59,,,,
3298,30.5,,,,,
3299,,,,,338.51,
3300,,,,,,90.54
3301,104.96,,,,,
3302,,,,,108.58,
3303,,,,63.47,,
3304,68.74,21.16,4.53,51.09,61.08,9.99
3305,,,4.17,,,
3306,60.76,,,,,
3307,,41.27,,,,
3308,,,,,181.58,
3309,,,,,202.35,
3310,70.31,,,,,
3311,,,,53.06,,
3312,72.79,,,,,
3313,,,3.88,,,
3314,,,3.89,,,
3315,,,,,74.76,
3316,,,4.08,,,
3317,,,,,197.3,
3318,63.64,,,,,
3319,,,5.45,,,
3320,,,,121.57,,
3321,,,,,,55.23
3322,,,,,115.52,
3323,,,,,,16.4
3324,,,,,60.9,
3325,,26.06,,,,
3326,,,3.63,,,
3327,,17.87,,,,
3328,,,,126.57,,
3329,,,,65.73,,
3330,,,,89.7,,
3331,57.81,,,,,
3332,,,,,61.2,
3333,46.97,22.88,3.8,27.8,39.32,11.52
3334,48.72,,,,,
3335,,,,24.15,,
3336,,,,,29.61,
3337,,,,18.13,,
3338,,11.89,,,,
3339,,,,118.97,,
3340,93.24,,,,,
3341,17.21,,,,,
3342,,,,27.1,,
3343,,,,,23.74,
3344,,,,18.09,,
3345,92.06,,,,,
3346,,,,,39.75,
3347,,,,,44.05,
3348,,20.77,,,,
3349,,,4.07,,,
3350,,,4.04,,,
3351,,,,64.91,,
3352,,,,106.39,,
3353,,,,,,73.44
3354,,56.46,,,,
3355,,67.11,,,,
3356,,,5.28,,,
3357,,43.33,,,,
3358,,17.15,,,,
3359,,,,,41.14,
3360,,,,,,15.71
3361,,,,,,12.22
3362,,,,,,28.75
3363,,,,,113.9,
3364,,,,,156.92,
3365,,,,,,14.07
3366,51.82,,,,,
3367,,,,14.08,,
3368,40.83,,,,,
3369,,,,,,8.23
3370,,,,,28.71,
3371,,,2.11,,,
3372,38.02,,,,,
3373,,,,,,53.85
3374,,,,,,28.21
3375,,11.78,,,,
3376,40.56,,,,,
3377,,,,,32.66,
3378,39.26,,,,,
3379,27.09,,,,,
3380,,,2.73,,,
3381,,,2.9,,,
3382,,,,,,8.91
3383,,,,,51.75,
3384,,7.41,,,,
3385,,,,,53.2,
3386,,,,,57.09,
3387,,,,60.16,,
3388,47.93,,,,,
3389,,,,28.62,,
3390,,,,,34.56,
3391,,,,,30.63,
3392,,,,,51.62,
3393,,,,54.79,,
3394,,,,,67.28,
3395,,,,,,14.46
3396,,,,25.32,,
3397,,20.21,,,,
3398,,,2.94,,,
3399,,,,,,9.71
3400,,,,,,10.29
3401,,,,21.69,,
3402,31.16,,,,,
3403,22.86,,,,,
3404,,,,,40.86,
3405,26.4,17.88,2.78,43.95,54.58,10.63
3406,31.28,,,,,
3407,,,,44.03,,
3408,,,,85.91,,
3409,,,,,,9.32
3410,,,2.3,,,
3411,41.71,,,,,
3412,,30.82,,,,
3413,47.32,,,,,
3414,,,,15.94,,
3415,,17.52,,,,
3416,,13.27,,,,
3417,,,2.63,,,
3418,,,,,46.46,
3419,,,,,44.24,
3420,,,,,,15.21
3421,,,,,88.05,
3422,,,,,,32.01
3423,,,,,92.95,
3424,,,,,,15.95
3425,,,,45.03,,
3426,,,,,,6.77
3427,,,,,17.44,
3428,,14.07,,,,
3429,36.41,,,,,
3430,,,2.0,,,
3431,,,,,40.16,
3432,,,2.31,,,
3433,,23.35,,,,
3434,42.96,,,,,
3435,28.78,,,,,
3436,,,,10.27,,
3437,,15.42,,,,
3438,,,,13.62,,
3439,,,,,28.21,
3440,,7.67,,,,
3441,,,,,,8.01
3442,,,,,39.18,
3443,,,,32.89,,
3444,,13.85,,,,
3445,,,,,,7.5
3446,,,,,26.18,
3447,,,,,26.84,
3448,,,2.8,,,
3449,,,,,22.82,
3450,22.3,,,,,
3451,,8.99,,,,
3452,,,,9.23,,
3453,15.95,,,,,
3454,,6.8,,,,
3455,23.49,,,,,
3456,31.04,,,,,
3457,26.89,,,,,
3458,,,,,,8.09
3459,,,,,,7.67
3460,62.62,,,,,
3461,,,,,120.72,
3462,,,,,58.07,
3463,,,,,,4.4
3464,,,3.01,,,
3465,,,,,,4.1
3466,,,3.11,,,
3467,,,2.83,,,
3468,,,3.31,,,
3469,66.09,,,,,
3470,,,2.77,,,
3471,,,,,,124.84
3472,76.92,26.43,2.19,117.33,156.56,39.23
3473,,41.3,,,,
3474,,,,92.1,,
3475,,,,77.8,,
3476,75.11,,,,,
3477,76.87,,,,,
3478,,36.26,,,,
3479,,35.66,,,,
3480,,,2.3,,,
3481,,,,110.81,,
3482,,,,,163.79,
3483,,79.56,,,,
3484,83.28,,,,,
3485,,,,22.35,,
3486,,,,,25.48,
3487,,,5.03,,,
3488,,14.71,,,,
3489,36.45,,,,,
3490,45.0,,,,,
3491,,,5.6,,,
3492,,,,,89.54,
3493,71.33,,,,,
3494,,,,,62.36,
3495,,,,,77.8,
3496,,,,,,32.45
3497,,,,,,15.54
3498,,,,,,11.05
3499,,,3.36,,,
3500,,,,,37.64,
3501,,,3.31,,,
3502,,31.8,,,,
3503,,,,,147.52,
3504,60.8,,,,,
3505,,,,55.44,,
3506,,,,,,16.03
3507,,,,,,9.26
3508,56.13,,,,,
3509,,,3.62,,,
3510,,,,,,3.29
3511,,,,,,3.23
3512,,,,38.09,,
3513,,9.27,,,,
3514,,,,,,118.03
3515,,,4.9,,,
3516,,,,,,171.15
3517,98.37,,,,,
3518,,,,,201.2,
3519,,,,,,40.7
3520,93.15,,,,,
3521,,,,,29.74,
3522,44.83,,,,,
3523,31.35,,,,,
3524,,,,,89.33,
3525,52.84,,,,,
3526,,,,,,0.86
3527,37.45,,,,,
3528,30.21,,,,,
3529,,,,,,1.31
3530,,,,30.44,,
3531,,7.63,,,,
3532,,,,31.85,,
3533,,,,,,18.02
3534,,12.63,,,,
3535,,,,,182.62,
3536,,,,,,32.55
3537,38.21,,,,,
3538,,,3.5,,,
3539,,10.04,,,,
3540,,,3.68,,,
3541,,,3.65,,,
3542,34.28,,,,,
3543,,,,,58.5,
3544,,7.67,,,,
3545,64.51,,,,,
3546,,,3.97,,,
3547,,,,145.63,,
3548,,,4.05,,,
3549,,,,,,59.39
3550,,37.19,,,,
3551,70.07,,,,,
3552,,,3.22,,,
3553,55.78,,,,,
3554,,,,,,7.34
3555,,,,82.3,,
3556,67.19,,,,,
3557,46.45,,,,,
3558,,,,,194.85,
3559,,,,,122.18,
3560,73.56,,,,,
3561,,,,,25.44,
3562,,,,,,3.42
3563,,,,,,3.99
3564,39.91,,,,,
3565,,7.92,,,,
3566,,,,,,45.84
3567,72.42,,,,,
3568,,,,,323.72,
3569,,,4.92,,,
3570,,,,,,77.16
3571,,,,108.21,,
3572,,,,,,42.02
3573,85.98,,,,,
3574,,,2.86,,,
3575,,,2.91,,,
3576,,,,,82.72,
3577,61.29,,,,,
3578,,14.42,,,,
3579,,,4.0,,,
3580,,,,,,132.56
3581,,,,,,128.3
3582,81.13,,,,,
3583,,,,,185.93,
3584,79.74,,,,,
3585,,,,,,4.53
3586,,25.9,,,,
3587,,,,,34.07,
3588,,,,,,1.87
3589,,,3.81,,,
3590,,,,,,196.55
3591,,,,,466.3,
3592,51.53,,,,,
3593,,,,,,142.96
3594,49.75,,,,,
3595,,,4.31,,,
3596,,,,,168.8,
3597,,43.2,,,,
3598,,,,,84.4,
3599,,,2.2,,,
3600,,,2.19,,,
3601,,,,73.35,,
3602,,,,,81.74,
3603,,,,,,28.51
3604,,,,,88.56,
3605,,55.91,,,,
3606,,,,85.87,,
3607,,,4.6,,,
3608,45.66,,,,,
3609,,17.96,,,,
3610,,,,,82.75,
3611,,,,,,8.24
3612,70.73,,,,,
3613,71.51,,,,,
3614,70.85,,,,,
3615,,,,178.02,,
3616,,15.37,,,,
3617,56.47,,,,,
3618,,,,,,144.28
3619,,,,,,83.61
3620,,,,,,40.57
3621,,,,,163.69,
3622,85.9,,,,,
3623,75.13,,,,,
3624,,,,,,16.68
3625,,15.15,,,,
3626,,,,,,40.21
3627,,,,129.58,,
3628,74.7,,,,,
3629,,,,,184.83,
3630,,,,,,20.22
3631,,,,29.79,,
3632,,,8.17,,,
3633,,,,21.24,,
3634,,,6.32,,,
3635,,,,,31.54,
3636,29.91,,,,,
3637,,8.61,,,,
3638,,,,,52.68,
3639,,,,42.84,,
3640,,,,,,5.61
3641,76.42,,,,,
3642,,12.17,,,,
3643,89.62,,,,,
3644,,,,,175.06,
3645,,,,,133.64,
3646,,,,,126.18,
3647,,,4.04,,,
3648,77.48,37.95,3.87,67.36,77.61,10.25
3649,,39.77,,,,
3650,,,,75.39,,
3651,,32.34,,,,
3652,,,,,68.63,
3653,41.53,,,,,
3654,,,4.13,,,
3655,,,,100.74,,
3656,,,,,,1.53
3657,,18.77,,,,
3658,,,,,23.74,
3659,,10.5,,,,
3660,,,,15.99,,
3661,,,,,70.01,
3662,,,,,,39.92
3663,35.71,,,,,
3664,,,,31.64,,
3665,,,,23.33,,
3666,,25.26,,,,
3667,,,,,,5.8
3668,,12.18,,,,
3669,,,,,32.07,
3670,,,,,171.14,
3671,,,,158.18,,
3672,,,,,255.12,
3673,,,,,282.52,
3674,,,,107.2,,
3675,,,,,,69.74
3676,,,,,,36.66
3677,,,,,,23.03
3678,,,,,,16.69
3679,,,2.97,,,
3680,,,,,,8.24
3681,,,,50.76,,
3682,,,,63.28,,
3683,,,,106.87,,
3684,,,,125.89,,
3685,,,,,230.12,
3686,,,5.78,,,
3687,71.0,,,,,
3688,,48.19,,,,
3689,49.1,,,,,
3690,,18.79,,,,
3691,47.94,,,,,
3692,,,,,35.41,
3693,,,,,,13.91
3694,,,,,,91.05
3695,,,,164.42,,
3696,52.12,,,,,
3697,,,,182.37,,
3698,,,,,265.43,
3699,,,4.31,,,
3700,57.36,,,,,
3701,,,,,104.4,
3702,,,2.46,,,
3703,77.22,,,,,
3704,68.47,,,,,
3705,,22.34,,,,
3706,,,2.28,,,
3707,,,,,,116.24
3708,72.86,,,,,
3709,,,,116.03,,
3710,,,,133.91,,
3711,,,,112.23,,
3712,,,,55.03,,
3713,,39.53,,,,
3714,,,,,51.35,
3715,,,,,,6.15
3716,,,,89.35,,
3717,,,,,572.33,
3718,61.78,,,,,
3719,75.2,,,,,
3720,103.97,,,,,
3721,,,,,375.77,
3722,74.28,,,,,
3723,,,,130.72,,
3724,,24.43,,,,
3725,,,,,,50.29
3726,105.85,,,,,
3727,100.19,,,,,
3728,,,1.66,,,
3729,,37.15,,,,
3730,,,,,174.0,
3731,,,1.87,,,
3732,,,2.45,,,
3733,,49.2,,,,
3734,,,,,329.17,
3735,,,,181.35,,
3736,,,,,,47.42
3737,,,4.54,,,
3738,,,,,,8.26
3739,,,,48.45,,
3740,,,,50.97,,
3741,,27.78,,,,
3742,,,6.24,,,
3743,,,,,,209.32
3744,,,,,321.85,
3745,,63.75,,,,
3746,,,,209.66,,
3747,74.64,,,,,
3748,,,,114.06,,
3749,,,,85.07,,
3750,,,,,118.44,
3751,,35.8,,,,
3752,,,,69.09,,
3753,,,,,83.25,
3754,,,,,162.02,
3755,,,,,,3.84
3756,,,,40.75,,
3757,,,,,,13.77
3758,,,,105.23,,
3759,,,,,,11.13
3760,,,,,,6.68
3761,,,,,44.23,
3762,,,,,68.47,
3763,,,,,,86.34
3764,,,4.11,,,
3765,,31.46,,,,
3766,62.12,,,,,
3767,,,,169.64,,
3768,,,5.69,,,
3769,,,,,882.0,
3770,,,5.97,,,
3771,,,5.96,,,
3772,,,,,574.55,
3773,,,4.75,,,
3774,88.34,,,,,
3775,,,,122.52,,
3776,,,,,231.0,
3777,,54.74,,,,
3778,,,,,279.56,
3779,,,,,229.47,
3780,,66.63,,,,
3781,,53.8,,,,
3782,,31.06,,,,
3783,,,,37.03,,
3784,,,,36.18,,
3785,,,,,,7.09
3786,,12.2,,,,
3787,,,2.85,,,
3788,,20.06,,,,
3789,,,,,,264.46
3790,,,,173.66,,
3791,,,,,,98.9
3792,,48.04,,,,
3793,,,,,293.73,
3794,82.76,,,,,
3795,,52.88,,,,
3796,,,,118.65,,
3797,,,,,235.97,
3798,,20.55,,,,
3799,,,,,195.89,
3800,,31.46,,,,
3801,105.11,,,,,
3802,,,,167.07,,
3803,,,8.67,,,
3804,,,,,,67.66
3805,,,,42.94,,
3806,,,,25.39,,
3807,,,3.06,,,
3808,,32.02,,,,
3809,,,,24.4,,
3810,,16.7,,,,
3811,,,,,,13.19
3812,,,,,82.16,
3813,,,,66.5,,
3814,77.69,,,,,
3815,,,,,179.9,
3816,,,,,63.5,
3817,,,,,41.87,
3818,,,,36.21,,
3819,94.26,,,,,
3820,,,2.52,,,
3821,,,,,,2.24
3822,,,,,,0.93
3823,,,3.47,,,
3824,,,,,,11.96
3825,,,,,54.23,
3826,,38.61,,,,
3827,,,4.15,,,
3828,,,,,27.41,
3829,,,4.08,,,
3830,,17.24,,,,
3831,,11.86,,,,
3832,,,,,32.55,
3833,,8.54,,,,
3834,,,3.31,,,
3835,,,,,,79.53
3836,,,3.97,,,
3837,,,,,,78.13
3838,,,,,,111.11
3839,,,,,,54.35
3840,,,,99.99,,
3841,,,,,,49.74
3842,56.11,,,,,
3843,53.41,,,,,
3844,,,,51.33,,
3845,,47.71,,,,
3846,,,2.35,,,
3847,,,,,96.19,
3848,,,,,114.95,
3849,77.36,,,,,
3850,,,,100.85,,
3851,,,,119.49,,
3852,,,,96.74,,
3853,,,,,,17.4
3854,58.85,,,,,
3855,,,5.76,,,
3856,,,5.12,,,
3857,72.69,,,,,
3858,,,,,,26.26
3859,,,4.48,,,
3860,33.3,,,,,
3861,,,,,,107.43
3862,,,,124.13,,
3863,,29.46,,,,
3864,,24.69,,,,
3865,,47.12,,,,
3866,,,4.89,,,
3867,,,,169.77,,
3868,,,,103.48,,
3869,,,,,244.13,
3870,,,,124.37,,
3871,,,,101.78,,
3872,,,4.75,,,
3873,,,,58.67,,
3874,,,,35.25,,
3875,,,4.13,,,
3876,90.57,,,,,
3877,,,,202.53,,
3878,,,,,454.34,
3879,34.88,,,,,
3880,34.88,,,,,
3881,,,,,,187.22
3882,65.62,,,,,
3883,,,4.66,,,
3884,,28.34,,,,
3885,57.82,,,,,
3886,,,,21.64,,
3887,,,,24.77,,
3888,55.18,,,,,
3889,,,,,46.42,
3890,,,,,98.72,
3891,,13.79,,,,
3892,,19.77,,,,
3893,,,,117.35,,
3894,,,,,,66.72
3895,43.62,,,,,
3896,,20.93,,,,
3897,,,,,,53.89
3898,,,,,,30.36
3899,94.63,,,,,
3900,,,5.8,,,
3901,,,,,89.32,
3902,,,,,,45.82
3903,64.6,,,,,
3904,,24.11,,,,
3905,,,,,131.17,
3906,,,,,131.15,
3907,,,,71.37,,
3908,,27.25,,,,
3909,86.57,,,,,
3910,,,,,59.76,
3911,,,,,,3.2
3912,35.24,,,,,
3913,,,5.01,,,
3914,29.68,,,,,
3915,29.76,,,,,
3916,,17.13,,,,
3917,,,,41.2,,
3918,31.41,,,,,
3919,,,,,107.15,
3920,,,,,,23.33
3921,30.9,,,,,
3922,,,,,,4.69
3923,31.57,,,,,
3924,,8.0,,,,
3925,,7.6,,,,
3926,,,,,88.14,
3927,51.0,,,,,
3928,,,,,524.3,
3929,93.62,,,,,
3930,,,,,193.99,
3931,,,,,,48.41
3932,,68.22,,,,
3933,,,,,191.94,
3934,,,4.73,,,
3935,86.36,,,,,
3936,,,,61.69,,
3937,,,,,,32.1
3938,,,,,108.71,
3939,,,,,138.84,
3940,,,,84.06,,
3941,,,5.47,,,
3942,,,,,154.93,
3943,,50.28,,,,
3944,,,,100.23,,
3945,,,,64.52,,
3946,,,5.32,,,
3947,,,,,85.18,
3948,62.25,,,,,
3949,,,,,86.54,
3950,,,5.73,,,
3951,,,7.52,,,
3952,,34.46,,,,
3953,,,,,446.28,
3954,,,7.65,,,
3955,,,,320.56,,
3956,,55.23,,,,
3957,,,,,165.37,
3958,,,3.2,,,
3959,,,,50.31,,
3960,,29.13,,,,
3961,,,3.52,,,
3962,46.53,,,,,
3963,,,,,,2.19
3964,,,,25.11,,
3965,,18.09,,,,
3966,,,,,38.52,
3967,,,3.58,,,
3968,,,,,,6.67
3969,47.67,,,,,
3970,,11.59,,,,
3971,,,2.86,,,
3972,,,,,,5.66
3973,,,,33.18,,
3974,,,,,,7.99
3975,,,,48.74,,
3976,,,,33.64,,
3977,,,,,,5.55
3978,,,,,52.72,
3979,,,,46.19,,
3980,,,3.54,,,
3981,,,,,38.55,
3982,,,4.44,,,
3983,37.56,,,,,
3984,73.01,,,,,
3985,,33.32,,,,
3986,27.86,,,,,
3987,,20.93,,,,
3988,,,,62.39,,
3989,,46.41,,,,
3990,,,5.11,,,
3991,,,,22.74,,
3992,,,,,,4.41
3993,59.54,,,,,
3994,,,,23.33,,
3995,,,,27.01,,
3996,,,5.87,,,
3997,,,,,,4.88
3998,,,6.09,,,
3999,,,5.9,,,
4000,56.15,,,,,
4001,71.13,,,,,
4002,,,,,,150.15
4003,,,,,,42.69
4004,,,,85.35,,
4005,,,4.9,,,
4006,57.49,,,,,
4007,,58.15,,,,
4008,,,,65.08,,
4009,,,,,122.75,
4010,,,,,,33.76
4011,,,,,180.94,
4012,56.24,,,,,
4013,,53.89,,,,
4014,,,,,,60.99
4015,,,,,99.35,
4016,,,,,68.48,
4017,42.17,,,,,
4018,,,7.21,,,
4019,,,7.42,,,
4020,,17.24,,,,
4021,,,,,132.95,
4022,,,7.96,,,
4023,,,,188.36,,
4024,,,,,344.95,
4025,,,6.4,,,
4026,,37.51,,,,
4027,,,,,111.71,
4028,,,,,87.66,
4029,,45.45,,,,
4030,,,,,70.29,
4031,,23.65,,,,
4032,,,,,68.85,
4033,55.0,21.21,4.55,93.73,159.7,65.97
4034,,,,,649.24,
4035,79.9,,,,,
4036,,,,141.03,,
4037,87.17,,,,,
4038,,42.56,,,,
4039,,33.76,,,,
4040,,,,,39.67,
4041,,,,,,5.98
4042,,,6.4,,,
4043,,24.78,,,,
4044,,,6.86,,,
4045,,,6.62,,,
4046,,,,,346.11,
4047,,,,,294.29,
4048,,,,,,72.33
4049,,,,98.92,,
4050,,,,,,45.91
4051,,,4.72,,,
4052,100.93,,,,,
4053,,,,,72.03,
4054,,,,,,13.61
4055,,34.1,,,,
4056,,,,,153.43,
4057,,,,,,67.12
4058,86.6,,,,,
4059,,,,,,7.75
4060,,,4.77,,,
4061,,,,,26.01,
4062,68.56,,,,,
4063,71.24,,,,,
4064,,32.52,,,,
4065,,,,67.1,,
4066,,,4.11,,,
4067,61.08,,,,,
4068,,,,,,3.94
4069,,,,,,3.33
4070,,,,,31.95,
4071,,,,,,1.05
4072,,,5.96,,,
4073,44.02,,,,,
4074,,15.65,,,,
4075,,,,,14.72,
4076,,,5.54,,,
4077,,,,,35.03,
4078,,21.38,,,,
4079,,,,,,1.84
4080,,,5.55,,,
4081,36.32,,,,,
4082,21.48,,,,,
4083,,,,,38.66,
4084,,,,,,9.98
4085,,17.1,,,,
4086,,,,,35.3,
4087,,,,,,3.54
4088,,10.26,,,,
4089,21.9,,,,,
4090,,,,,77.3,
4091,,,,,69.36,
4092,,,5.4,,,
4093,,,,86.4,,
4094,,,,,106.59,
4095,,,,,,11.29
4096,,20.28,,,,
4097,24.66,,,,,
4098,,16.54,,,,
4099,,,,,,4.74
4100,,,,,92.46,
4101,28.4,,,,,
4102,,,,,185.25,
4103,,,,112.62,,
4104,,,,,,57.04
4105,,,,107.54,,
4106,,,,,,56.64
4107,,,,97.39,,
4108,,48.64,,,,
4109,,,7.11,,,
4110,,66.34,,,,
4111,,,6.62,,,
4112,,,,125.52,,
4113,,,,,,38.59
4114,,,,,49.44,
4115,,44.6,,,,
4116,,,,31.24,,
4117,,22.94,,,,
4118,,,4.45,,,
4119,,,,,20.11,
4120,,,,16.88,,
4121,,,,14.91,,
4122,,6.67,,,,
4123,22.42,,,,,
4124,,,4.74,,,
4125,,,,72.82,,
4126,,10.4,,,,
4127,,19.04,,,,
4128,,,,22.56,,
4129,,,,,,2.86
4130,,,,,25.53,
4131,13.62,,,,,
4132,12.42,,,,,
4133,,,,41.5,,
4134,,,,,109.46,
4135,,,,112.01,,
4136,,,,,,54.07
4137,,33.48,,,,
4138,47.31,,,,,
4139,,,5.44,,,
4140,,,,,139.98,
4141,53.68,,,,,
4142,,,,,113.92,
4143,,27.9,,,,
4144,,,4.31,,,
4145,45.13,,,,,
4146,,,4.18,,,
4147,,,,,139.35,
4148,44.86,,,,,
4149,,27.35,,,,
4150,,41.18,,,,
4151,78.81,,,,,
4152,89.43,,,,,
4153,71.94,,,,,
4154,,39.07,,,,
4155,,,,,43.05,
4156,,,,,43.53,
4157,,,,,55.39,
4158,,11.54,,,,
4159,,,,,493.01,
4160,,47.23,,,,
4161,,,,326.55,,
4162,,,6.08,,,
4163,,62.25,,,,
4164,,63.23,,,,
4165,,66.14,,,,
4166,,53.31,,,,
4167,,,,65.06,,
4168,,,4.68,,,
4169,,,4.68,,,
4170,,,,117.19,,
4171,54.74,,,,,
4172,70.4,,,,,
4173,,,,,,85.25
4174,,,,,,54.76
4175,,,,,,19.59
4176,71.36,,,,,
4177,,,,,65.18,
4178,,,5.39,,,
4179,22.8,,,,,
4180,,,,43.98,,
4181,22.11,,,,,
4182,,14.99,,,,
4183,,16.86,,,,
4184,28.86,,,,,
4185,33.39,,,,,
4186,,,,,,24.13
4187,,,,,102.73,
4188,31.75,,,,,
4189,27.37,,,,,
4190,,12.87,,,,
4191,24.05,,,,,
4192,,,,,,5.53
4193,38.35,,,,,
4194,,19.12,,,,
4195,,,5.81,,,
4196,,,,,121.27,
4197,,,,,,48.05
4198,,,,,,23.24
4199,43.68,,,,,
4200,,,,,,36.2
4201,,,,,,46.31
4202,49.43,,,,,
4203,,,6.03,,,
4204,70.11,,,,,
4205,,,,99.92,,
4206,,,7.01,,,
4207,,,,,,53.95
4208,,,,,,68.73
4209,,46.53,,,,
4210,,36.72,,,,
4211,31.26,,,,,
4212,25.56,,,,,
4213,18.84,,,,,
4214,,16.65,,,,
4215,,,,,54.65,
4216,,,,,48.94,
4217,20.49,,,,,
4218,,,,,,1.93
4219,,,,,,0.72
4220,14.29,,,,,
4221,,,,,,0.84
4222,,14.11,,,,
4223,16.18,,,,,
4224,,,,,25.71,
4225,14.46,,,,,
4226,,,8.5,,,
4227,16.2,,,,,
4228,,,,22.49,,
4229,,,,,31.96,
4230,20.93,,,,,
4231,,,,,41.12,
4232,,,,,,10.02
4233,,12.42,,,,
4234,,,,32.05,,
4235,,,,,,9.66
4236,,,,,,7.04
4237,,,,,,7.15
4238,16.36,,,,,
4239,,,,,37.29,
4240,,,,28.83,,
4241,,,4.97,,,
4242,,,,,21.42,
4243,19.27,,,,,
4244,,,,,18.78,
4245,,,,,22.63,
4246,21.41,,,,,
4247,,,4.36,,,
4248,,,4.54,,,
4249,,,5.61,,,
4250,,27.5,,,,
4251,,17.7,,,,
4252,,12.58,,,,
4253,,,5.52,,,
4254,,11.34,,,,
4255,,,5.72,,,
4256,,,,,,9.24
4257,,,,,61.44,
4258,,,,,,4.85
4259,31.28,,,,,
4260,,,5.31,,,
4261,,,5.32,,,
4262,28.06,,,,,
4263,31.04,,,,,
4264,,,,,,3.47
4265,,20.19,,,,
4266,,,,,,2.19
4267,,,5.59,,,
4268,31.29,,,,,
4269,,31.42,,,,
4270,,,,,68.13,
4271,,35.3,,,,
4272,,,,,43.24,
4273,,,,29.47,,
4274,,,,,,6.62
4275,29.05,,,,,
4276,,,,,39.64,
4277,,,,31.91,,
4278,,,8.47,,,
4279,,,,,328.65,
4280,68.42,,,,,
4281,,,,,,188.07
4282,,4.66,,,,
4283,,,7.58,,,
4284,,,,116.91,,
4285,,,,98.18,,
4286,,,5.75,,,
4287,,,5.66,,,
4288,,4.57,,,,
4289,,,,,117.09,
4290,,,5.54,,,
4291,50.09,,,,,
4292,,,,,358.37,
4293,,5.12,,,,
4294,,,8.61,,,
4295,,6.35,,,,
4296,,,11.07,,,
4297,,,,,,124.05
4298,84.36,,,,,
4299,,6.84,,,,
4300,,,8.01,,,
4301,,5.96,,,,
4302,,,,,291.54,
4303,,,8.35,,,
4304,,4.92,,,,
4305,,,,322.82,,
4306,,,,207.65,,
4307,,5.38,,,,
4308,,,,,,168.81
4309,,,,134.95,,
4310,49.96,,,,,
4311,,,,,,78.04
4312,,,,109.17,,
4313,,,,,166.81,
4314,48.52,,,,,
4315,53.68,,,,,
4316,,3.94,,,,
4317,,,,146.38,,
4318,,4.5,,,,
4319,,4.69,,,,
4320,50.99,,,,,
4321,,,,,,8.95
4322,61.41,,,,,
4323,,,,,,7.83
4324,,,5.51,,,
4325,,,,59.19,,
4326,,5.18,,,,
4327,,,,102.52,,
4328,,,,139.68,,
4329,,,,,311.13,
4330,59.26,,,,,
4331,71.57,,,,,
4332,,3.96,,,,
4333,,,,,,33.26
4334,,,,62.85,,
4335,,,,58.66,,
4336,64.45,,,,,
4337,,,,65.55,,
4338,,,,,,12.36
4339,,5.54,,,,
4340,,,5.53,,,
4341,,,5.74,,,
4342,,,5.31,,,
4343,,,,,52.82,
4344,71.09,,,,,
4345,36.51,,,,,
4346,,,,,,11.36
4347,,6.17,,,,
4348,,,,,48.25,
4349,,,6.81,,,
4350,,,,72.33,,
4351,43.28,,,,,
4352,,5.36,,,,
4353,,,,88.94,,
4354,,5.64,,,,
4355,,,,,171.55,
4356,,,5.18,,,
4357,65.32,,,,,
4358,,,,48.52,,
4359,71.56,,,,,
4360,,,,,98.53,
4361,,,,,,13.85
4362,,,,96.94,,
4363,,,,,,40.18
4364,,,,106.11,,
4365,,5.29,,,,
4366,,,5.45,,,
4367,,5.34,,,,
4368,,,,,,4.98
4369,37.34,,,,,
4370,,5.42,,,,
4371,,,,,29.0,
4372,,5.94,,,,
4373,,5.98,,,,
4374,53.91,,,,,
4375,,,,,,3.26
4376,,,5.54,,,
4377,,,,,63.89,
4378,,,5.35,,,
4379,,,,14.41,,
4380,,,5.23,,,
4381,,5.21,,,,
4382,,,,,,0.19
4383,,,,,13.7,
4384,73.04,,,,,
4385,,5.18,,,,
4386,,5.46,,,,
4387,,5.23,,,,
4388,,,4.94,,,
4389,,,5.09,,,
4390,,,5.22,,,
4391,,,4.67,,,
4392,,,,24.19,,
4393,,,,,,5.81
4394,79.03,,,,,
4395,,5.6,,,,
4396,,,,35.9,,
4397,,,,,51.77,
4398,,,,,,8.96
4399,,,,,,9.29
4400,64.76,,,,,
4401,,,5.53,,,
4402,,4.72,,,,
4403,,,,,,2.71
4404,,,,26.42,,
4405,,5.54,,,,
4406,,,,20.29,,
4407,52.34,,,,,
4408,,,,,,3.54
4409,,4.49,,,,
4410,,,,51.36,,
4411,,,,,,13.67
4412,,,,38.89,,
4413,,,,,,8.54
4414,,,,29.67,,
4415,,5.1,,,,
4416,,,,,,9.93
4417,,,,,,7.01
4418,,,,32.26,,
4419,,,,38.98,,
4420,,,,,64.8,
4421,,4.6,,,,
4422,71.28,,,,,
4423,,,8.17,,,
4424,,,7.38,,,
4425,,4.61,,,,
4426,,,,29.05,,
4427,81.3,,,,,
4428,,,6.67,,,
4429,,3.83,,,,
4430,,,,,34.06,
4431,,4.45,,,,
4432,74.26,,,,,
4433,63.83,,,,,
4434,,5.3,,,,
4435,,,,,275.67,
4436,46.85,,,,,
4437,,7.96,,,,
4438,53.14,,,,,
4439,48.04,8.54,11.32,61.52,88.39,26.87
4440,,6.79,,,,
4441,,,,,,10.85
4442,,,7.46,,,
4443,,,,,,8.12
4444,,5.08,,,,
4445,31.0,,,,,
4446,,,,79.37,,
4447,,,,,59.6,
4448,79.31,,,,,
4449,,,,83.43,,
4450,,,,51.34,,
4451,77.91,,,,,
4452,,,6.5,,,
4453,,,7.1,,,
4454,,,7.63,,,
4455,,,7.76,,,
4456,50.91,,,,,
4457,45.13,5.1,7.18,83.9,113.28,29.38
4458,,5.76,,,,
4459,,,,,403.77,
4460,,,,,,105.12
4461,,,6.47,,,
4462,,,,,48.38,
4463,,,,,23.79,
4464,,,,,,3.02
4465,,,5.68,,,
4466,,,5.6,,,
4467,,5.43,,,,
4468,,,,29.42,,
4469,75.05,,,,,
4470,,,,,71.49,
4471,,,,,103.37,
4472,,4.41,,,,
4473,,,5.23,,,
4474,,,,,108.96,
4475,,,,,,3.61
4476,,,,,,0.59
4477,,,5.37,,,
4478,31.02,,,,,
4479,50.04,,,,,
4480,,4.65,,,,
4481,,,,,69.96,
4482,,,,56.75,,
4483,,,4.83,,,
4484,,,,,,8.4
4485,84.6,,,,,
4486,,3.0,,,,
4487,40.99,,,,,
4488,,,5.68,,,
4489,,23.8,,,,
4490,,,4.73,,,
4491,,,,,,68.49
4492,,9.14,,,,
4493,,,,114.96,,
4494,,,4.88,,,
4495,,,,,,31.15
4496,,21.61,,,,
4497,,20.41,,,,
4498,,15.82,,,,
4499,,,6.92,,,
4500,,30.4,,,,
4501,,,,,270.03,
4502,,,,,213.49,
4503,,16.3,,,,
4504,,,9.53,,,
4505,,,,,76.87,
4506,88.43,,,,,
4507,,,7.73,,,
4508,,,,,134.82,
4509,66.88,,,,,
4510,,,,,,182.54
4511,97.51,,,,,
4512,,,5.99,,,
4513,,,6.11,,,
4514,106.09,,,,,
4515,,,,,,118.25
4516,,,,,121.17,
4517,,,,,110.84,
4518,,,,82.08,,
4519,63.53,,,,,
4520,,38.46,,,,
4521,,,7.11,,,
4522,,,,,191.51,
4523,,,,,,64.54
4524,,,,,,57.57
4525,,,,,146.87,
4526,,53.58,,,,
4527,,,,,,21.23
4528,,,,,51.38,
4529,41.06,,,,,
4530,,,4.69,,,
4531,,43.51,,,,
4532,,,,,246.97,
4533,,,5.68,,,
4534,,,,,155.97,
4535,,,,95.59,,
4536,,,5.08,,,
4537,,,6.26,,,
4538,53.39,,,,,
4539,,,,,88.54,
4540,,,5.55,,,
4541,,33.92,,,,
4542,,,,,,31.68
4543,,38.08,,,,
4544,,28.27,,,,
4545,,40.94,,,,
4546,,,,108.76,,
4547,,,,,243.95,
4548,37.11,,,,,
4549,42.1,,,,,
4550,,,,54.94,,
4551,,,,33.42,,
4552,,,,40.49,,
4553,,,,,61.51,
4554,,,,106.69,,
4555,,24.7,,,,
4556,,,,141.07,,
4557,,,,107.0,,
4558,,29.34,,,,
4559,,,,,,100.94
4560,,33.36,,,,
4561,,,,111.94,,
4562,,,,,220.64,
4563,,,,81.02,,
4564,80.88,,,,,
4565,,,,74.88,,
4566,,,,,116.86,
4567,,24.32,,,,
4568,,,,77.43,,
4569,34.51,,,,,
4570,35.82,,,,,
4571,,,,73.18,,
4572,24.49,,,,,
4573,,,,,132.46,
4574,,,,,60.55,
4575,,,,,,21.22
4576,,,4.79,,,
4577,,,,,246.3,
4578,21.2,,,,,
4579,,,,42.32,,
4580,,,,,,3.4
4581,,,,,,9.1
4582,,,,,65.23,
4583,,,,,,5.67
4584,14.28,,,,,
4585,,,,,54.55,
4586,28.08,13.52,4.83,46.71,48.77,2.06
4587,,13.8,,,,
4588,,,,58.24,,
4589,,,,64.35,,
4590,23.59,,,,,
4591,,,,95.12,,
4592,20.42,,,,,
4593,29.55,,,,,
4594,,24.92,,,,
4595,,,,53.04,,
4596,,,,,,10.77
4597,,,,44.33,,
4598,,,,,,6.54
4599,,,,,,7.86
4600,16.09,,,,,
4601,,,,,63.73,
4602,,,,29.48,,
4603,,12.28,,,,
4604,,,,,,10.48
4605,,,,,41.15,
4606,,,,,,8.15
4607,,,,,21.08,
4608,12.6,,,,,
4609,,,,,,2.51
4610,,,,,28.86,
4611,13.3,,,,,
4612,,6.65,,,,
4613,,,,,,8.14
4614,,,,24.06,,
4615,14.79,,,,,
4616,19.01,,,,,
4617,,,,,41.38,
4618,,,,,,17.66
4619,,8.2,,,,
4620,,,,,54.14,
4621,,19.1,,,,
4622,,,5.82,,,
4623,,,,,89.44,
4624,24.89,,,,,
4625,,,6.8,,,
4626,,,7.56,,,
4627,,,7.49,,,
4628,50.03,,,,,
4629,,,7.08,,,
4630,,,8.54,,,
4631,,,,,,46.75
4632,42.34,14.75,6.75,51.54,83.46,31.92
4633,,14.14,,,,
4634,,,,,73.01,
4635,,10.02,,,,
4636,,,6.26,,,
4637,,,,167.03,,
4638,,,,130.01,,
4639,,44.28,,,,
4640,54.21,,,,,
4641,,,,,270.38,
4642,,,,,213.57,
4643,,,,,204.04,
4644,,,,,137.66,
4645,,,,104.15,,
4646,76.92,,,,,
4647,,,,,,78.35
4648,30.99,,,,,
4649,34.65,,,,,
4650,,,,203.05,,
4651,,,,,,263.28
4652,,,8.09,,,
4653,,,,,,328.78
4654,,,,41.1,,
4655,,25.56,,,,
4656,,,,100.53,,
4657,,,5.54,,,
4658,44.51,,,,,
4659,,,,106.86,,
4660,,,8.44,,,
4661,55.55,,,,,
4662,,,11.48,,,
4663,,29.36,,,,
4664,,,8.14,,,
4665,,,,,54.59,
4666,,24.26,,,,
4667,47.19,,,,,
4668,,,,94.75,,
4669,47.59,,,,,
4670,,,,,,199.63
4671,,,,,,354.56
4672,,37.5,,,,
4673,,51.98,,,,
4674,,32.61,,,,
4675,,31.12,,,,
4676,,,,86.4,,
4677,,,,,,52.22
4678,,41.94,,,,
4679,,,,,,62.15
4680,,,,,369.42,
4681,,,,,,233.08
4682,,,,,,186.88
4683,,,,,,133.02
4684,,,,175.05,,
4685,,,,178.19,,
4686,,11.71,,,,
4687,85.07,,,,,
4688,,62.71,,,,
4689,,56.28,,,,
4690,48.87,,,,,
4691,,,,123.85,,
4692,,39.7,,,,
4693,,,,,313.76,
4694,,,,,,173.89
4695,,,,132.0,,
4696,,,,,236.48,
4697,,55.05,,,,
4698,,,,,146.63,
4699,67.0,,,,,
4700,,37.29,,,,
4701,61.14,,,,,
4702,,,,,225.87,
4703,63.91,,,,,
4704,71.31,,,,,
4705,,51.44,,,,
4706,,,11.43,,,
4707,,71.04,,,,
4708,85.36,,,,,
4709,63.98,,,,,
4710,,,9.72,,,
4711,,,,,103.91,
4712,,44.28,,,,
4713,,56.03,,,,
4714,,,7.39,,,
4715,104.7,,,,,
4716,,56.92,,,,
4717,,60.38,,,,
4718,,,,,346.15,
4719,,66.41,,,,
4720,,,,,160.51,
