,S2_PM10,S2_PM25,S2_SO2,S2_CO,S2_03
0,,,6.73,,
1,,,6.94,,
2,,,,1696.22,
3,,39.14,,,
4,,,,,3.18
5,,,,,3.06
6,,,6.2,,
7,,,,1022.34,
8,,16.52,,,
9,,,,566.27,
10,55.7,,,,
11,,,,,2.36
12,,,4.49,,
13,,,,338.77,
14,,18.84,,,
15,,,,246.86,
16,26.1,,,,
17,22.4,,,,
18,,11.19,,,
19,,,4.3,,
20,,,4.27,,
21,,13.48,,,
22,,16.35,,,
23,,,,,4.1
24,112.6,,,,
25,,,,,3.46
26,,,,,3.3
27,,,5.82,,
28,,,6.34,,
29,,,6.48,,
30,,,,1333.1,
31,,24.57,,,
32,104.1,,,,
33,,,,1007.34,
34,92.7,,,,
35,,,,,2.54
36,72.1,,,,
37,,20.36,,,
38,,,4.45,,
39,52.3,,,,
40,41.5,,,,
41,30.5,,,,
42,,18.15,,,
43,36.0,,,,
44,47.3,,,,
45,45.2,,,,
46,54.5,,,,
47,,,,694.98,
48,,,,693.3,
49,,,4.69,,
50,,,4.92,,
51,57.1,,,,
52,54.2,,,,
53,,21.09,,,
54,,24.29,,,
55,52.7,,,,
56,49.5,,,,
57,,,,619.47,
58,,,,,2.13
59,,,,,2.31
60,46.8,,,,
61,,,,488.65,
62,36.1,,,,
63,,,,,2.27
64,,,3.74,,
65,,,,503.05,
66,,,,,3.46
67,,,,577.46,
68,,,,,4.83
69,,,,,4.41
70,78.5,,,,
71,,,,,3.16
72,,,4.3,,
73,,,,,2.04
74,,12.91,,,
75,,,,581.48,
76,57.9,,,,
77,,14.98,,,
78,,,3.08,,
79,,,,,3.74
80,,,,382.03,
81,,,,453.55,
82,,,,423.28,
83,46.2,,,,
84,47.2,,,,
85,,15.01,,,
86,35.1,,,,
87,,,3.13,,
88,,18.07,,,
89,,,,1246.43,
90,,,,,8.67
91,,,,1126.6,
92,,25.77,,,
93,,23.16,,,
94,77.7,,,,
95,,,,2140.68,
96,,,,1968.05,
97,,18.23,,,
98,89.8,,,,
99,85.1,,,,
100,,12.94,,,
101,,,7.1,,
102,,,7.0,,
103,,16.41,,,
104,,,,,5.93
105,,,6.54,,
106,,,,1715.03,
107,29.6,,,,
108,,,,2178.02,
109,,,8.14,,
110,,2.18,,,
111,,,4.46,,
112,,,4.83,,
113,,,,,5.7
114,,,,,5.33
115,,,6.78,,
116,,,6.85,,
117,,,6.6,,
118,,,6.25,,
119,,,,,6.0
120,103.9,,,,
121,,,,2785.49,
122,,22.19,,,
123,,,,,5.48
124,,,,,5.93
125,,,,,5.93
126,,17.21,,,
127,58.0,,,,
128,,,4.5,,
129,102.6,,,,
130,102.8,,,,
131,,,,,9.98
132,,,,,12.25
133,,,4.17,,
134,41.2,,,,
135,,12.89,,,
136,,,,,5.05
137,,7.32,,,
138,,11.06,,,
139,,17.22,,,
140,,,4.6,,
141,,18.64,,,
142,73.2,,,,
143,,,,1611.0,
144,,,,1302.43,
145,,,2.97,,
146,,,2.63,,
147,,,2.51,,
148,40.9,,,,
149,,,,,6.09
150,,23.27,,,
151,,,,1142.42,
152,,,4.39,,
153,,,,1279.32,
154,,,,,12.48
155,,26.08,,,
156,,,4.62,,
157,,,,,6.57
158,51.9,,,,
159,63.8,,,,
160,87.5,,,,
161,,22.49,,,
162,,,4.51,,
163,118.8,,,,
164,,,4.18,,
165,,,,,5.56
166,103.9,,,,
167,,,3.27,,
168,,,,1468.4,
169,,,5.53,,
170,,,,,11.0
171,,,5.03,,
172,,,,,7.93
173,,,4.87,,
174,,,5.03,,
175,69.0,,,,
176,,,,,5.6
177,,21.49,,,
178,,,4.65,,
179,,,,1659.97,
180,,,,1347.06,
181,,21.22,,,
182,,,,,6.8
183,40.0,,,,
184,,18.11,,,
185,,,,,5.62
186,,,3.12,,
187,,,,,5.77
188,,,3.99,,
189,88.3,,,,
190,89.4,39.34,4.99,1529.59,8.32
191,82.4,32.85,4.04,1260.51,10.05
192,,,,,5.69
193,,29.43,,,
194,,29.87,,,
195,,29.86,,,
196,,,4.08,,
197,79.9,,,,
198,79.7,,,,
199,75.0,,,,
200,,,2.54,,
201,61.3,,,,
202,52.0,,,,
203,46.1,,,,
204,,,,,5.76
205,,,3.73,,
206,,,4.12,,
207,,,4.91,,
208,88.1,,,,
209,,,,1457.34,
210,,,,,9.86
211,,,,,11.45
212,,,,1230.41,
213,,28.69,,,
214,,,4.83,,
215,,,,,5.85
216,,,,2664.87,
217,,33.53,,,
218,,31.35,,,
219,,,,1983.44,
220,,26.12,,,
221,,31.28,,,
222,,,,1677.55,
223,84.3,,,,
224,,,3.9,,
225,85.0,,,,
226,80.1,26.91,3.41,1259.57,6.72
227,79.8,,,,
228,,29.92,,,
229,,,,,6.66
230,,,,,6.3
231,,,6.78,,
232,,,,,9.06
233,,,,1669.02,
234,,,,1611.99,
235,,,,1470.33,
236,,,4.55,,
237,,,,1273.53,
238,,,4.13,,
239,,,4.08,,
240,,1.11,,,
241,,,,1184.72,
242,,,,,9.06
243,,12.54,,,
244,,,,1025.0,
245,,,,941.16,
246,,,3.11,,
247,,8.23,,,
248,,,,907.87,
249,,4.16,,,
250,31.0,,,,
251,,,,1115.29,
252,,,,1005.41,
253,,,2.57,,
254,,5.15,,,
255,,,3.08,,
256,,,,1430.19,
257,,3.41,,,
258,26.5,,,,
259,,,3.28,,
260,,,,,9.02
261,,,,1241.68,
262,,9.72,,,
263,31.9,,,,
264,,,2.93,,
265,,,,,5.66
266,36.0,,,,
267,,11.19,,,
268,,16.42,,,
269,48.6,28.35,2.73,1455.45,6.37
270,,,,1232.66,
271,,20.74,,,
272,39.2,,,,
273,,,,,9.98
274,,,,,9.15
275,24.1,7.66,1.91,903.66,8.46
276,,5.61,,,
277,,,2.91,,
278,,,,,7.5
279,29.5,,,,
280,26.8,,,,
281,,,,,11.35
282,29.9,,,,
283,,9.13,,,
284,,9.55,,,
285,,,,1444.09,
286,,5.14,,,
287,,,,1357.88,
288,,,,,8.41
289,47.9,,,,
290,,3.51,,,
291,,,,1351.78,
292,,,3.29,,
293,,,,1309.19,
294,,,,1131.72,
295,,0.56,,,
296,,,,1053.2,
297,20.4,,,,
298,,,,,13.42
299,,0.77,,,
300,,,,,8.73
301,20.0,,,,
302,,0.53,,,
303,,,,,8.72
304,,,,1405.26,
305,51.8,,,,
306,,,,1131.54,
307,,2.61,,,
308,41.3,,,,
309,,3.08,,,
310,,,,,10.6
311,,,2.13,,
312,30.7,,,,
313,,,,,8.11
314,,,,,9.02
315,,,,1315.96,
316,,5.0,,,
317,,,3.15,,
318,45.2,8.4,3.3,1480.18,8.39
319,33.3,,,,
320,,,,1759.98,
321,52.6,,,,
322,57.4,,,,
323,,7.5,,,
324,,,,1477.31,
325,,,,,10.25
326,,,3.83,,
327,,,,,10.2
328,,3.92,,,
329,44.7,,,,
330,,,,1448.54,
331,,,,1449.27,
332,,,,1605.8,
333,44.5,,,,
334,,,,1434.33,
335,,,,,14.49
336,24.1,,,,
337,22.2,,,,
338,,2.85,,,
339,,,,1361.13,
340,,,,,11.32
341,,2.76,,,
342,27.0,,,,
343,,,3.71,,
344,,,,,13.18
345,,,,,13.54
346,23.7,,,,
347,,,4.55,,
348,,,4.61,,
349,58.7,,,,
350,,,,,9.56
351,,2.24,,,
352,,,3.86,,
353,,,,,8.98
354,,,,1482.87,
355,,4.6,,,
356,,,,1594.46,
357,,,,1540.38,
358,,,,1461.43,
359,,,,,11.74
360,,5.89,,,
361,36.3,,,,
362,,3.77,,,
363,23.9,2.76,2.81,1243.93,12.29
364,43.1,,,,
365,,,3.26,,
366,,,,1273.11,
367,31.0,,,,
368,,7.4,,,
369,,,,,11.6
370,,,,,10.55
371,,7.19,,,
372,,5.03,,,
373,,,,,10.44
374,39.6,,,,
375,,5.95,,,
376,,,,1768.17,
377,,,,1768.61,
378,,3.96,,,
379,,,3.26,,
380,,,,1566.93,
381,,,2.93,,
382,,6.04,,,
383,,,,,7.55
384,,,,,6.59
385,47.1,,,,
386,,18.64,,,
387,56.6,,,,
388,,,,1906.76,
389,,,5.11,,
390,60.0,23.98,5.11,1765.74,13.44
391,,,,1696.81,
392,45.5,,,,
393,43.1,,,,
394,44.3,17.54,4.85,1699.1,10.61
395,,13.69,,,
396,,,7.11,,
397,,,6.77,,
398,,,,2189.43,
399,,,5.07,,
400,,7.84,,,
401,,,3.99,,
402,,,,1940.41,
403,58.1,,,,
404,,,,,7.39
405,,,3.4,,
406,,,3.42,,
407,,,3.5,,
408,,,,,5.99
409,53.3,,,,
410,64.0,,,,
411,,,,,7.88
412,,36.98,,,
413,,,,,10.64
414,,,,1626.09,
415,,,,1699.3,
416,57.7,,,,
417,47.6,,,,
418,,,,,7.26
419,,8.68,,,
420,51.5,8.28,4.66,2293.35,6.07
421,,,,2174.56,
422,,,,,8.85
423,,3.08,,,
424,,,,1881.86,
425,30.6,,,,
426,,,3.41,,
427,23.5,,,,
428,32.3,,,,
429,,,,,10.18
430,,,3.42,,
431,45.3,,,,
432,,,,2122.25,
433,,,,,8.52
434,,14.05,,,
435,,,,,9.02
436,,16.99,,,
437,,12.15,,,
438,47.0,,,,
439,,6.33,,,
440,,,,1737.48,
441,,3.38,,,
442,37.8,,,,
443,,,3.5,,
444,,,,,8.7
445,,,3.15,,
446,20.1,,,,
447,,0.82,,,
448,19.1,,,,
449,,,,,10.93
450,14.1,,,,
451,,0.56,,,
452,11.7,,,,
453,,,2.83,,
454,,0.32,,,
455,,,,,9.25
456,,,,,9.48
457,,6.43,,,
458,,,,,8.76
459,,,,,6.98
460,44.1,,,,
461,,,3.93,,
462,,3.28,,,
463,,,3.83,,
464,,,,2887.71,
465,,6.05,,,
466,,,4.14,,
467,,22.21,,,
468,63.2,,,,
469,,,,,5.8
470,,,,2509.65,
471,,,,2808.81,
472,,9.98,,,
473,,,4.28,,
474,68.8,,,,
475,,,,1826.17,
476,47.5,,,,
477,37.2,,,,
478,36.2,,,,
479,,,,2538.88,
480,,,,2246.94,
481,,3.85,,,
482,50.6,,,,
483,,,,1920.01,
484,,,,,6.06
485,,11.68,,,
486,,,,,6.03
487,,8.56,,,
488,,,,2835.83,
489,,,,,6.81
490,,,6.96,,
491,,17.57,,,
492,,,5.62,,
493,,,,2123.68,
494,,8.33,,,
495,,6.26,,,
496,49.3,,,,
497,41.0,,,,
498,29.8,,,,
499,22.1,2.04,4.01,2030.73,7.69
500,,1.43,,,
501,,,,2857.15,
502,,40.09,,,
503,71.9,,,,
504,,,,,10.01
505,44.1,,,,
506,,,,,6.79
507,,,,,6.32
508,,15.44,,,
509,,16.64,,,
510,,,,2361.98,
511,56.9,,,,
512,,,,2036.74,
513,,11.39,,,
514,,8.3,,,
515,,5.81,,,
516,,,3.96,,
517,28.0,,,,
518,,,3.56,,
519,42.7,,,,
520,,,4.85,,
521,,,,,13.33
522,,,,,12.91
523,,,,1876.13,
524,,13.56,,,
525,,,5.58,,
526,,9.73,,,
527,55.4,,,,
528,,,4.77,,
529,,6.66,,,
530,,,,2532.14,
531,,,5.72,,
532,,,,,5.75
533,,,5.02,,
534,53.2,,,,
535,48.1,,,,
536,,,,,5.35
537,43.9,,,,
538,,,,2461.17,
539,,9.37,,,
540,,,,,7.75
541,,,,,9.55
542,,,,,10.42
543,49.0,,,,
544,,,,,7.98
545,53.5,,,,
546,,,,,9.12
547,54.6,25.0,6.0,1810.42,11.9
548,,,6.11,,
549,,13.6,,,
550,,,6.16,,
551,,,,,6.23
552,,15.52,,,
553,,,8.09,,
554,,,,,5.45
555,,,,,5.73
556,,16.47,,,
557,,,,,5.59
558,,,,,7.66
559,,,6.2,,
560,,28.9,,,
561,76.5,,,,
562,,22.8,,,
563,,,,1680.52,
564,65.6,,,,
565,,11.58,,,
566,,,,,6.67
567,,,,,7.07
568,,,,2818.62,
569,,,,,5.64
570,,,,,6.14
571,103.2,,,,
572,,6.96,,,
573,,,,1877.92,
574,,,,2107.44,
575,43.3,,,,
576,,,,2629.82,
577,,,,2340.05,
578,55.4,,,,
579,,8.98,,,
580,,,4.14,,
581,44.5,,,,
582,41.6,,,,
583,,,,,5.64
584,,,,1788.02,
585,39.9,,,,
586,,,4.6,,
587,,,,,12.21
588,,15.17,,,
589,,,,,12.95
590,,,,,13.15
591,37.4,,,,
592,,7.85,,,
593,28.5,,,,
594,,6.93,,,
595,63.9,,,,
596,41.3,,,,
597,35.5,,,,
598,26.6,,,,
599,,4.97,,,
600,18.4,,,,
601,21.4,,,,
602,,,,761.4,
603,,,,773.74,
604,,,,,18.22
605,48.0,,,,
606,,,,,17.5
607,,,3.18,,
608,,,,831.98,
609,55.7,,,,
610,49.9,,,,
611,,,,,20.36
612,,7.77,,,
613,52.6,13.0,3.08,808.97,17.48
614,,,3.11,,
615,28.2,4.93,2.73,887.03,15.61
616,,3.56,,,
617,,,,,8.88
618,,10.16,,,
619,,,,,9.04
620,,,3.06,,
621,49.0,,,,
622,,,2.7,,
623,,,2.41,,
624,,,2.49,,
625,,,,707.34,
626,33.8,,,,
627,,,,,2.99
628,,,,1301.92,
629,,,,,11.85
630,,34.85,,,
631,,,,937.69,
632,,,,927.08,
633,71.9,,,,
634,61.8,,,,
635,,,,1118.47,
636,,,,967.07,
637,39.4,,,,
638,,,3.09,,
639,,,,1385.52,
640,,7.3,,,
641,,,,,2.04
642,,,,,1.59
643,,,,1166.94,
644,46.9,,,,
645,48.2,,,,
646,,24.95,,,
647,,,3.1,,
648,,,3.11,,
649,31.9,,,,
650,,,,885.78,
651,,,,,16.59
652,,9.04,,,
653,,,,835.62,
654,26.8,,,,
655,,3.53,,,
656,,,,,3.79
657,,,2.91,,
658,,,,,4.17
659,15.8,,,,
660,,5.39,,,
661,,3.83,,,
662,13.9,,,,
663,,,,,5.48
664,,,,681.02,
665,,,2.69,,
666,,,,748.76,
667,5.4,,,,
668,,,2.78,,
669,,,3.39,,
670,38.3,,,,
671,,19.03,,,
672,,,3.51,,
673,,,3.9,,
674,,,,995.37,
675,33.7,,,,
676,,8.05,,,
677,,,3.41,,
678,,,3.29,,
679,,,3.33,,
680,,,,,2.15
681,27.1,,,,
682,,,,,11.85
683,,,,,16.29
684,,2.07,,,
685,,,,,17.46
686,,,,756.95,
687,,,,,9.71
688,,,3.18,,
689,,,,,9.82
690,,0.41,,,
691,,1.43,,,
692,,,,,14.7
693,18.4,,,,
694,,,,,2.47
695,,,,1187.07,
696,,,,,18.28
697,,,4.24,,
698,,,,765.83,
699,,4.31,,,
700,,,3.87,,
701,,,,,4.71
702,,,3.14,,
703,30.9,,,,
704,29.0,3.64,3.36,1244.13,1.37
705,,,3.33,,
706,46.2,,,,
707,,7.23,,,
708,,,,,2.19
709,,,,,2.48
710,,,3.37,,
711,,,,,9.22
712,,,4.47,,
713,,,,,19.83
714,,,5.03,,
715,96.1,,,,
716,,,,,13.4
717,,,,1077.32,
718,83.2,,,,
719,,15.41,,,
720,,,3.83,,
721,,,,,3.7
722,47.0,,,,
723,,,4.36,,
724,,,4.22,,
725,,,,,2.09
726,,,,1057.81,
727,,,3.45,,
728,40.5,,,,
729,38.5,,,,
730,,,3.46,,
731,,,,,2.93
732,28.4,,,,
733,,,3.46,,
734,,,3.47,,
735,,,,955.47,
736,33.2,,,,
737,,,,664.79,
738,,,3.91,,
739,,14.84,,,
740,,16.12,,,
741,47.9,,,,
742,,,,792.49,
743,51.2,,,,
744,,13.83,,,
745,,,,812.01,
746,56.6,,,,
747,56.2,,,,
748,,,,1112.49,
749,,,4.47,,
750,52.5,,,,
751,,,,,2.1
752,,,,,4.96
753,,,,,13.96
754,,22.46,,,
755,,22.87,,,
756,,,,504.33,
757,,16.59,,,
758,,,,,28.8
759,,,5.47,,
760,,15.02,,,
761,,,,,19.92
762,,,5.47,,
763,,,,,4.12
764,,,,,4.56
765,,,,836.15,
766,,,,,9.18
767,,5.95,,,
768,,4.87,,,
769,20.1,,,,
770,,,,,17.08
771,,,3.15,,
772,,22.09,,,
773,,,,,25.3
774,,,,575.19,
775,,,,,9.86
776,9.9,,,,
777,,,2.5,,
778,,,,,12.65
779,,,2.64,,
780,,,,,16.09
781,12.3,,,,
782,13.5,,,,
783,,,3.16,,
784,,,,665.78,
785,,2.47,,,
786,,,,695.95,
787,,,3.02,,
788,,,,,16.06
789,,8.16,,,
790,,,,681.02,
791,,,2.98,,
792,28.6,,,,
793,27.3,,,,
794,,3.49,,,
795,,4.99,,,
796,,,,715.96,
797,,2.45,,,
798,23.7,,,,
799,,,2.65,,
800,16.1,,,,
801,,,,445.82,
802,,0.41,,,
803,,,,,11.45
804,,,3.16,,
805,15.2,,,,
806,20.2,,,,
807,31.1,,,,
808,,,12.06,,
809,,,,,4.64
810,,,,741.33,
811,20.2,,,,
812,,,,737.8,
813,,4.55,,,
814,26.8,4.78,11.6,562.38,7.62
815,,,,495.24,
816,,3.73,,,
817,,,10.65,,
818,20.2,,,,
819,,,11.5,,
820,31.8,,,,
821,,,11.64,,
822,25.2,12.57,12.17,489.72,17.62
823,24.4,,,,
824,26.3,,,,
825,27.4,7.22,11.91,965.48,7.44
826,,,,,4.11
827,,,,,4.35
828,23.9,,,,
829,,,,651.19,
830,,,11.68,,
831,27.5,4.82,10.61,1236.23,12.46
832,,,,717.4,
833,,,,847.65,
834,,,,916.82,
835,,,,905.48,
836,,11.55,,,
837,20.2,,,,
838,,,,785.47,
839,,6.01,,,
840,,6.31,,,
841,22.6,,,,
842,,,,,13.94
843,,3.74,,,
844,,,11.32,,
845,,,,,9.16
846,29.0,,,,
847,,,,,7.84
848,,,,1048.09,
849,,,,,12.85
850,,,10.21,,
851,14.7,,,,
852,,4.22,,,
853,,,,1061.15,
854,,,10.53,,
855,,10.68,,,
856,,,,769.6,
857,,,10.83,,
858,,,,766.25,
859,,,,714.56,
860,,,11.74,,
861,,,,645.83,
862,,,,876.58,
863,11.7,,,,
864,,,,1102.49,
865,,,11.01,,
866,,3.01,,,
867,,,10.68,,
868,20.3,,,,
869,,,,857.0,
870,,,10.35,,
871,,,,638.07,
872,,,10.17,,
873,16.9,,,,
874,,,,458.01,
875,9.6,,,,
876,,,,461.23,
877,,3.59,,,
878,,,10.21,,
879,,,10.4,,
880,,,10.35,,
881,,,,,26.44
882,,11.65,,,
883,,,,921.58,
884,23.2,,,,
885,,,,744.09,
886,18.9,,,,
887,16.7,,,,
888,,,,,15.93
889,,,10.13,,
890,,,,638.91,
891,17.4,,,,
892,,,9.98,,
893,,3.22,,,
894,,6.64,,,
895,,,,,19.61
896,,,,,14.8
897,,4.94,,,
898,,,10.48,,
899,,,10.51,,
900,,12.19,,,
901,,,,661.69,
902,,,,,21.93
903,24.8,,,,
904,,,11.76,,
905,,,,895.88,
906,,,11.46,,
907,20.6,,,,
908,,,11.03,,
909,,,,785.71,
910,,,,,11.98
911,,2.89,,,
912,,,,668.07,
913,17.3,,,,
914,,,10.34,,
915,,1.12,,,
916,14.0,,,,
917,,0.55,,,
918,13.7,,,,
919,15.6,,,,
920,,,,817.09,
921,,,10.63,,
922,29.8,,,,
923,,,13.07,,
924,,,,,7.54
925,,,,981.04,
926,,,,1225.07,
927,,4.03,,,
928,,,11.9,,
929,58.6,,,,
930,,17.78,,,
931,,,11.44,,
932,,,11.27,,
933,,9.25,,,
934,,9.06,,,
935,38.4,,,,
936,,13.22,,,
937,,,,1136.57,
938,46.3,20.8,11.23,915.84,21.52
939,43.0,,,,
940,,,,,32.13
941,29.7,,,,
942,,,,,34.82
943,,,,,34.83
944,,,,544.52,
945,,,,602.95,
946,,,,836.66,
947,,2.1,,,
948,40.8,,,,
949,48.6,,,,
950,48.8,,,,
951,44.6,,,,
952,,,12.39,,
953,,,,,7.05
954,,2.1,,,
955,,2.1,,,
956,,,,1490.62,
957,,,11.94,,
958,58.7,,,,
959,,,,,6.63
960,,,,863.26,
961,,,11.25,,
962,,,,,7.41
963,,,,874.23,
964,48.5,,,,
965,,,12.26,,
966,,1.56,,,
967,5.2,,,,
968,,,11.59,,
969,24.0,,,,
970,,,,,19.1
971,,,,432.56,
972,,,12.07,,
973,,,,567.66,
974,37.9,,,,
975,38.5,,,,
976,,,,,8.02
977,,,,,7.63
978,,,11.5,,
979,,,,,7.32
980,,,11.16,,
981,,,,820.79,
982,27.6,,,,
983,,,,890.98,
984,,,10.82,,
985,33.8,,,,
986,,,,910.82,
987,,,,,16.27
988,,,11.2,,
989,,,11.57,,
990,39.2,,,,
991,,,,595.11,
992,,,13.04,,
993,38.2,,,,
994,,,13.16,,
995,,,12.91,,
996,,,12.54,,
997,,,,,21.78
998,39.3,,,,
999,,,,884.15,
1000,,1.72,,,
1001,,3.62,,,
1002,,,10.95,,
1003,,3.93,,,
1004,,2.75,,,
1005,27.9,2.35,10.66,460.14,13.29
1006,,,10.82,,
1007,,,,328.87,
1008,,,10.68,,
1009,,,,,14.72
1010,,,,,14.98
1011,,10.36,,,
1012,,,11.6,,
1013,34.0,,,,
1014,,,,,23.45
1015,,,11.55,,
1016,26.2,,,,
1017,,13.25,,,
1018,,,,432.58,
1019,,,,433.74,
1020,,,,480.35,
1021,,,,428.73,
1022,,,,392.8,
1023,,,,391.91,
1024,13.5,,,,
1025,,,,509.46,
1026,,5.0,,,
1027,,,10.68,,
1028,,,,,20.71
1029,,,10.78,,
1030,,,,,23.86
1031,19.5,,,,
1032,,,,,23.85
1033,17.9,,,,
1034,,,,,25.8
1035,,5.26,,,
1036,,,,,24.76
1037,,,,165.34,
1038,,10.5,,,
1039,7.9,,,,
1040,,,,240.98,
1041,,,,258.33,
1042,,,,,25.87
1043,,,,271.3,
1044,,,,285.12,
1045,,,,354.8,
1046,7.8,,,,
1047,,,10.88,,
1048,15.4,,,,
1049,,,,,25.25
1050,,,,,16.99
1051,,,10.55,,
1052,11.5,,,,
1053,,,,251.45,
1054,,,,,24.04
1055,,,10.34,,
1056,,4.17,,,
1057,,,,195.91,
1058,,,,169.76,
1059,,,10.83,,
1060,,,10.97,,
1061,9.6,,,,
1062,,8.16,,,
1063,8.8,,,,
1064,,,12.22,,
1065,,,,,32.29
1066,,8.62,,,
1067,,,,269.62,
1068,,5.79,,,
1069,19.2,,,,
1070,,4.39,,,
1071,,7.69,,,
1072,,,11.2,,
1073,,7.18,,,
1074,,,11.53,,
1075,,,11.12,,
1076,,7.33,,,
1077,,,,,16.74
1078,,5.25,,,
1079,25.7,4.48,10.97,379.06,21.21
1080,,,,326.96,
1081,,6.86,,,
1082,,,11.14,,
1083,,,11.29,,
1084,,,,,17.91
1085,,,10.58,,
1086,,,,317.77,
1087,20.3,,,,
1088,,11.17,,,
1089,,8.38,,,
1090,,,,,16.47
1091,,,,,13.1
1092,15.5,,,,
1093,12.8,,,,
1094,11.7,,,,
1095,,1.15,,,
1096,,,,,9.59
1097,,,,466.39,
1098,,,,,16.79
1099,,,,334.41,
1100,10.5,,,,
1101,,2.12,,,
1102,,,10.67,,
1103,,,,570.73,
1104,,,,,20.7
1105,,,,,22.44
1106,25.7,,,,
1107,,13.23,,,
1108,,,,,28.64
1109,,,11.24,,
1110,,,,277.22,
1111,,,12.57,,
1112,,,,,21.3
1113,,,,452.56,
1114,,8.98,,,
1115,,6.28,,,
1116,,,,943.1,
1117,,,,1006.45,
1118,,9.1,,,
1119,,,,,8.26
1120,,,11.2,,
1121,,,,699.89,
1122,,,,660.31,
1123,,,,533.53,
1124,,,,,8.69
1125,,,,,7.7
1126,,,,624.07,
1127,,,,,19.05
1128,,,,498.08,
1129,,,,,18.88
1130,,5.81,,,
1131,,,,519.35,
1132,21.1,,,,
1133,,,,458.95,
1134,22.0,,,,
1135,,1.3,,,
1136,,,10.62,,
1137,,,,,18.86
1138,,0.45,,,
1139,,,10.02,,
1140,,,,,14.03
1141,14.4,,,,
1142,,2.68,,,
1143,,,10.15,,
1144,,,10.19,,
1145,,,10.04,,
1146,,0.75,,,
1147,,0.55,,,
1148,,,10.35,,
1149,,1.49,,,
1150,24.5,3.5,10.41,281.7,18.26
1151,20.2,,,,
1152,,,,458.44,
1153,,,,606.94,
1154,,,,,20.04
1155,,12.77,,,
1156,36.4,,,,
1157,,8.3,,,
1158,,,11.02,,
1159,37.0,,,,
1160,,15.82,,,
1161,28.7,,,,
1162,,,10.55,,
1163,,,8.56,,
1164,14.3,4.42,10.22,755.79,13.57
1165,,,,668.9,
1166,,,,547.86,
1167,,,,561.17,
1168,25.8,,,,
1169,32.5,,,,
1170,,,13.33,,
1171,19.4,,,,
1172,20.6,,,,
1173,,,,684.01,
1174,,,,638.52,
1175,,,,627.63,
1176,,,11.89,,
1177,,8.3,,,
1178,,6.88,,,
1179,13.7,,,,
1180,16.4,,,,
1181,,,11.18,,
1182,,3.28,,,
1183,,,11.34,,
1184,,,11.43,,
1185,,,,656.89,
1186,,,11.64,,
1187,,,,,15.72
1188,,,12.15,,
1189,,13.08,,,
1190,,,,573.62,
1191,,,,554.79,
1192,,,13.59,,
1193,,,,,21.08
1194,,14.09,,,
1195,22.8,,,,
1196,,,,,25.63
1197,,,13.41,,
1198,19.9,,,,
1199,,,,,9.49
1200,31.4,,,,
1201,,,,,12.71
1202,30.9,,,,
1203,25.1,,,,
1204,,,,651.86,
1205,,9.23,,,
1206,29.6,7.47,11.39,483.74,11.13
1207,,,,396.73,
1208,,,,317.3,
1209,,,,298.02,
1210,,,11.33,,
1211,25.7,,,,
1212,,,,198.12,
1213,,,,208.0,
1214,37.1,,,,
1215,,,,,20.83
1216,,,,319.05,
1217,,,11.39,,
1218,,,,,25.03
1219,,,,858.77,
1220,30.4,,,,
1221,,,,1219.34,
1222,,,,1413.64,
1223,33.4,,,,
1224,,18.91,,,
1225,,,,1483.9,
1226,,,12.83,,
1227,,,,,7.76
1228,,,,1190.48,
1229,48.5,,,,
1230,,,,1004.42,
1231,,12.62,,,
1232,,15.32,,,
1233,,11.21,,,
1234,,,12.6,,
1235,,,,,19.7
1236,,13.58,,,
1237,43.8,,,,
1238,,,,,31.68
1239,,,14.26,,
1240,,,11.24,,
1241,,,12.53,,
1242,,,13.69,,
1243,,14.38,,,
1244,,,,1026.6,
1245,,8.01,,,
1246,42.7,,,,
1247,,,,,20.47
1248,,,11.8,,
1249,,13.06,,,
1250,,,11.18,,
1251,,,11.06,,
1252,,,,,23.97
1253,,,,382.24,
1254,16.3,,,,
1255,,,,,25.52
1256,,,11.05,,
1257,25.9,,,,
1258,28.8,,,,
1259,,,11.73,,
1260,,,,,28.04
1261,,,,523.14,
1262,,,,554.34,
1263,,,,559.33,
1264,28.6,,,,
1265,,,,577.3,
1266,,,,,20.25
1267,,,,,19.09
1268,22.8,,,,
1269,,,,726.67,
1270,,,,,9.98
1271,,,,862.53,
1272,33.1,,,,
1273,,,,,13.66
1274,,,,626.79,
1275,,,11.32,,
1276,,3.39,,,
1277,,3.34,,,
1278,,,,,14.14
1279,,,11.76,,
1280,,,,,21.22
1281,,,,,19.8
1282,28.2,,,,
1283,,,,,26.0
1284,,,12.38,,
1285,,,13.02,,
1286,,,13.72,,
1287,,10.81,,,
1288,,,12.99,,
1289,,,,961.61,
1290,,9.14,,,
1291,,10.97,,,
1292,,11.71,,,
1293,,,,,9.65
1294,,6.79,,,
1295,,7.68,,,
1296,,15.24,,,
1297,,,,433.78,
1298,,,11.8,,
1299,,,11.8,,
1300,,,,339.34,
1301,,,,,31.54
1302,,,,304.02,
1303,,,,356.12,
1304,,,,347.44,
1305,14.0,,,,
1306,,,,,29.6
1307,,,12.96,,
1308,,,,,22.22
1309,17.2,,,,
1310,,,,456.37,
1311,,,,,12.48
1312,,,12.15,,
1313,28.7,,,,
1314,,,,1040.33,
1315,34.0,,,,
1316,,,11.47,,
1317,,13.05,,,
1318,,,11.4,,
1319,,,,863.09,
1320,45.6,,,,
1321,,,,,30.36
1322,,10.94,,,
1323,31.3,,,,
1324,,,,583.58,
1325,,,,508.75,
1326,22.4,,,,
1327,,,12.82,,
1328,,19.6,,,
1329,,,,446.49,
1330,,,,,13.79
1331,,,12.61,,
1332,,,12.05,,
1333,,,12.03,,
1334,,18.14,,,
1335,,,,691.06,
1336,,,,,16.17
1337,38.6,,,,
1338,,,,,10.81
1339,,,,,10.09
1340,,,,,8.09
1341,,9.84,,,
1342,39.4,,,,
1343,,,,805.3,
1344,,14.54,,,
1345,35.0,,,,
1346,,12.05,,,
1347,,9.91,,,
1348,,,12.75,,
1349,,,,633.09,
1350,,,,718.94,
1351,37.5,,,,
1352,,8.48,,,
1353,,,,819.11,
1354,47.6,14.36,14.19,864.34,19.8
1355,,18.96,,,
1356,,,14.06,,
1357,,,,1297.99,
1358,,,13.18,,
1359,,,,1463.18,
1360,66.6,,,,
1361,,18.75,,,
1362,64.1,21.11,12.58,1232.72,8.04
1363,63.3,,,,
1364,,,,,7.63
1365,,,,,7.9
1366,,,,,8.04
1367,,,12.14,,
1368,,,,,9.83
1369,,19.13,,,
1370,,,12.6,,
1371,,,,601.87,
1372,,10.09,,,
1373,,,,,16.16
1374,,,,498.35,
1375,,10.02,,,
1376,,,,866.31,
1377,44.5,,,,
1378,,,12.9,,
1379,,22.52,,,
1380,,20.47,,,
1381,32.5,,,,
1382,,34.27,,,
1383,,,12.5,,
1384,,,12.77,,
1385,,,,,8.52
1386,55.3,,,,
1387,,,,,8.39
1388,,,,,11.86
1389,,,12.36,,
1390,53.4,,,,
1391,,,,,22.38
1392,39.1,12.42,13.68,536.39,23.54
1393,,17.49,,,
1394,,,13.85,,
1395,,,14.04,,
1396,26.2,,,,
1397,22.9,,,,
1398,,,,591.22,
1399,,,13.56,,
1400,,,,544.27,
1401,34.4,,,,
1402,,,12.93,,
1403,,9.64,,,
1404,,,,882.22,
1405,,11.84,,,
1406,,,,,7.98
1407,,,12.38,,
1408,39.2,,,,
1409,,12.46,,,
1410,,9.78,,,
1411,22.9,,,,
1412,,6.28,,,
1413,,,12.68,,
1414,,,,628.58,
1415,,,,,35.62
1416,,,15.14,,
1417,,,15.63,,
1418,,,,469.39,
1419,,3.97,,,
1420,,,15.79,,
1421,25.8,,,,
1422,,,,,18.59
1423,,3.27,,,
1424,,2.46,,,
1425,,,,685.86,
1426,,,,689.36,
1427,,,,647.02,
1428,,,,,21.95
1429,,,,,25.29
1430,,,12.83,,
1431,,,,,25.73
1432,,9.25,,,
1433,,,,,29.14
1434,,,13.12,,
1435,,6.97,,,
1436,,,13.37,,
1437,,,,270.08,
1438,,15.22,,,
1439,44.5,,,,
1440,39.5,,,,
1441,35.3,,,,
1442,,,14.15,,
1443,,,,268.12,
1444,,,,249.69,
1445,,,,,27.75
1446,31.2,,,,
1447,,,,340.62,
1448,,,,390.68,
1449,,,,,28.93
1450,31.0,,,,
1451,,,,,26.94
1452,,8.54,,,
1453,,,12.59,,
1454,,,,246.42,
1455,29.9,,,,
1456,,5.72,,,
1457,27.0,,,,
1458,,7.02,,,
1459,,,,460.04,
1460,,22.68,,,
1461,,16.55,,,
1462,,,14.38,,
1463,65.8,,,,
1464,,,,,19.87
1465,,,,,16.27
1466,56.2,,,,
1467,,8.34,,,
1468,,,,,14.13
1469,,5.11,,,
1470,,,12.58,,
1471,20.6,,,,
1472,,,,1378.51,
1473,,,,,11.18
1474,,,,1395.5,
1475,38.9,,,,
1476,,11.39,,,
1477,,,,,14.0
1478,,15.68,,,
1479,,11.04,,,
1480,,8.27,,,
1481,,,13.19,,
1482,,,,1286.43,
1483,35.7,3.86,13.01,1278.06,22.07
1484,28.1,,,,
1485,,15.73,,,
1486,,,,1633.44,
1487,,,,2082.16,
1488,32.0,,,,
1489,,,,2158.54,
1490,,,,1333.82,
1491,,,,1314.95,
1492,,,,1244.79,
1493,,,,,9.67
1494,31.6,,,,
1495,,,,983.14,
1496,33.5,,,,
1497,,,,746.24,
1498,,,,,17.81
1499,,,,,18.87
1500,46.1,,,,
1501,,,14.97,,
1502,,,13.91,,
1503,,,,932.15,
1504,48.7,,,,
1505,,6.27,,,
1506,,6.05,,,
1507,27.7,,,,
1508,,,12.09,,
1509,,,12.27,,
1510,,11.3,,,
1511,31.9,,,,
1512,,17.07,,,
1513,,16.12,,,
1514,,,,,20.72
1515,,,,,27.26
1516,39.3,,,,
1517,,,,1382.99,
1518,,,,1335.75,
1519,,,14.05,,
1520,,17.33,,,
1521,,,13.52,,
1522,,,,1572.54,
1523,,,,,2.56
1524,26.2,,,,
1525,,,,,34.0
1526,,12.06,,,
1527,,,,875.06,
1528,,,16.24,,
1529,,,,886.39,
1530,,8.18,,,
1531,39.3,,,,
1532,,,7.47,,
1533,48.4,,,,
1534,44.9,,,,
1535,41.3,,,,
1536,,9.78,,,
1537,,,5.5,,
1538,,17.51,,,
1539,17.4,,,,
1540,,,,3936.4,
1541,25.1,,,,
1542,,,,,15.98
1543,34.6,,,,
1544,,,,,11.95
1545,40.2,,,,
1546,,,,,13.7
1547,,6.67,,,
1548,,,17.99,,
1549,,,,667.89,
1550,,,19.85,,
1551,,,,,44.95
1552,,,,566.01,
1553,,4.1,,,
1554,,,,,33.92
1555,,2.75,,,
1556,,,,798.53,
1557,26.2,,,,
1558,,,,,31.59
1559,,,,576.79,
1560,,,,665.31,
1561,,,19.62,,
1562,,8.87,,,
1563,28.7,,,,
1564,,,,,59.07
1565,,19.99,,,
1566,,,,,63.09
1567,,,,715.85,
1568,,16.13,,,
1569,,,20.21,,
1570,,,,758.55,
1571,,15.97,,,
1572,34.6,,,,
1573,,,,,23.02
1574,,,19.33,,
1575,,,18.68,,
1576,46.5,,,,
1577,33.8,,,,
1578,,,,34.02,
1579,,7.91,,,
1580,,,,269.25,
1581,42.3,,,,
1582,,,,179.68,
1583,,,20.0,,
1584,,,19.9,,
1585,,,19.86,,
1586,,,,1141.32,
1587,,8.52,,,
1588,,,19.17,,
1589,,,,,27.22
1590,,,,2153.01,
1591,,,,,21.91
1592,,,18.51,,
1593,,,,1757.99,
1594,,20.19,,,
1595,32.4,,,,
1596,32.0,,,,
1597,37.6,,,,
1598,,16.85,,,
1599,,,,2259.12,
1600,,,,1968.3,
1601,,18.05,,,
1602,,13.26,,,
1603,,22.95,,,
1604,56.1,,,,
1605,,,,,23.02
1606,,,,2120.21,
1607,,21.87,,,
1608,,,17.9,,
1609,,,,,36.38
1610,,,17.8,,
1611,,,,1897.29,
1612,,,18.6,,
1613,,,,,24.9
1614,,,18.32,,
1615,,,,,28.6
1616,,,18.66,,
1617,,,,,31.64
1618,,,,1697.47,
1619,,,,1615.28,
1620,,,18.58,,
1621,44.1,23.37,18.34,1658.15,28.99
1622,,,18.35,,
1623,,17.09,,,
1624,,16.79,,,
1625,,,,1845.28,
1626,,,17.71,,
1627,42.6,,,,
1628,,,17.79,,
1629,32.2,,,,
1630,,10.49,,,
1631,,,,,18.04
1632,,,,1731.76,
1633,,5.57,,,
1634,,,,,23.02
1635,,,,1749.0,
1636,29.7,5.43,18.62,1712.61,32.85
1637,,,,,36.51
1638,,7.57,,,
1639,,,,1600.61,
1640,,,,1565.57,
1641,,,19.38,,
1642,,4.57,,,
1643,,6.56,,,
1644,,19.15,,,
1645,,16.85,,,
1646,,,22.32,,
1647,,,22.1,,
1648,,,18.46,,
1649,,,,,24.79
1650,,,,1773.54,
1651,,,17.85,,
1652,,,17.96,,
1653,,,18.25,,
1654,,,,,16.2
1655,,19.97,,,
1656,,29.78,,,
1657,,,18.35,,
1658,34.7,,,,
1659,,,,1610.78,
1660,25.6,,,,
1661,,,,1521.01,
1662,,10.36,,,
1663,,,18.92,,
1664,,,18.37,,
1665,,,18.13,,
1666,27.2,,,,
1667,,,18.58,,
1668,,,18.46,,
1669,,,18.54,,
1670,,,,2161.11,
1671,,6.78,,,
1672,,,18.95,,
1673,,,,,43.8
1674,,,,,48.43
1675,,13.36,,,
1676,,11.25,,,
1677,,,,1597.28,
1678,,,,,23.66
1679,,,,,27.28
1680,,16.45,,,
1681,,21.35,,,
1682,,,,1805.95,
1683,,,17.53,,
1684,,,,,24.32
1685,,,,1718.58,
1686,,16.33,,,
1687,,16.35,,,
1688,,,,,28.57
1689,24.7,,,,
1690,26.1,,,,
1691,,14.24,,,
1692,,,19.15,,
1693,,,,,56.48
1694,,,19.28,,
1695,,,,,55.45
1696,,15.52,,,
1697,,15.52,,,
1698,,,,1519.2,
1699,23.9,,,,
1700,,14.17,,,
1701,,,19.15,,
1702,,,,,22.21
1703,,,,2171.39,
1704,,23.39,,,
1705,30.7,,,,
1706,,,,,19.21
1707,37.0,,,,
1708,,,,,27.47
1709,,,17.71,,
1710,,,,,17.17
1711,25.4,,,,
1712,,,,,30.6
1713,,,18.72,,
1714,,,,,45.4
1715,,,,1600.08,
1716,,,20.09,,
1717,,,20.23,,
1718,,,,,59.93
1719,,18.65,,,
1720,,14.68,,,
1721,,11.81,,,
1722,23.1,,,,
1723,21.1,,,,
1724,20.8,,,,
1725,,,,,23.45
1726,,,17.96,,
1727,20.5,,,,
1728,,11.23,,,
1729,28.2,,,,
1730,,,,,17.64
1731,,,17.83,,
1732,,,18.03,,
1733,,,18.47,,
1734,,,18.7,,
1735,,,18.9,,
1736,,,19.51,,
1737,31.8,,,,
1738,,,20.41,,
1739,26.3,,,,
1740,24.9,,,,
1741,,10.25,,,
1742,,,,,79.32
1743,,,,442.56,
1744,,,,1422.55,
1745,37.9,,,,
1746,,,,,21.08
1747,,,18.69,,
1748,,,,1759.64,
1749,,,,,42.69
1750,39.5,,,,
1751,,,20.71,,
1752,,,,1587.92,
1753,35.5,,,,
1754,,,22.41,,
1755,,,,,64.12
1756,,,21.0,,
1757,,,,473.02,
1758,,,18.99,,
1759,,,,751.0,
1760,,,,876.0,
1761,26.9,,,,
1762,,,,1454.18,
1763,30.4,,,,
1764,29.0,,,,
1765,,,,,26.03
1766,26.4,,,,
1767,,,,,38.74
1768,,,,,34.04
1769,,,,1412.43,
1770,,,,,38.49
1771,18.5,,,,
1772,,8.85,,,
1773,,,,,58.43
1774,,,19.2,,
1775,,,19.45,,
1776,,,17.94,,
1777,15.1,,,,
1778,,,17.29,,
1779,13.7,,,,
1780,,,16.89,,
1781,,,,1208.89,
1782,,8.0,,,
1783,,,16.73,,
1784,12.9,,,,
1785,,,,1358.02,
1786,,,,,40.58
1787,,,17.64,,
1788,,12.21,,,
1789,,11.44,,,
1790,,,,1101.43,
1791,,,20.24,,
1792,,,,699.93,
1793,,,,,36.24
1794,,16.76,,,
1795,18.6,,,,
1796,,,,1190.83,
1797,,,,,58.87
1798,,,,,61.51
1799,,12.4,,,
1800,17.6,,,,
1801,,,20.3,,
1802,,,,,59.52
1803,,15.55,,,
1804,14.8,,,,
1805,,,17.52,,
1806,,,,1188.61,
1807,,,16.8,,
1808,,12.69,,,
1809,11.6,,,,
1810,,,16.53,,
1811,,,,,31.44
1812,,,,1208.25,
1813,,,17.25,,
1814,,9.68,,,
1815,8.1,,,,
1816,8.3,,,,
1817,,7.2,,,
1818,,,,1053.08,
1819,,7.43,,,
1820,,,18.5,,
1821,,,,980.06,
1822,,8.11,,,
1823,,,,951.63,
1824,,,,,53.15
1825,,,18.99,,
1826,,,18.65,,
1827,,,8.47,,
1828,,17.43,,,
1829,,13.7,,,
1830,28.0,,,,
1831,,,,,41.16
1832,,,,,33.08
1833,,,,,28.02
1834,,,,,32.52
1835,,,,,33.91
1836,,,9.82,,
1837,,,,,34.44
1838,,19.5,,,
1839,,,8.75,,
1840,29.0,,,,
1841,,9.67,,,
1842,,,8.54,,
1843,,,,,29.2
1844,,,,,33.64
1845,,,9.1,,
1846,,,6.35,,
1847,28.8,,,,
1848,23.6,,,,
1849,,17.21,,,
1850,,,11.98,,
1851,,,,,51.9
1852,,,11.91,,
1853,,20.91,,,
1854,,,11.09,,
1855,,15.46,,,
1856,,,,812.16,
1857,,,,,27.81
1858,,15.13,,,
1859,,,,812.23,
1860,,14.08,,,
1861,,17.43,,,
1862,,,8.11,,
1863,,15.95,,,
1864,,,,,20.66
1865,,12.2,,,
1866,,,8.77,,
1867,,10.51,,,
1868,,,,,36.82
1869,,,,812.05,
1870,,,,812.06,
1871,,21.52,,,
1872,,17.19,,,
1873,31.8,,,,
1874,35.8,,,,
1875,,,,812.13,
1876,,,,,37.5
1877,34.2,18.59,9.31,812.09,32.7
1878,,16.88,,,
1879,,,,812.14,
1880,,17.98,,,
1881,,,7.8,,
1882,35.1,,,,
1883,,,7.58,,
1884,,,,811.88,
1885,,,,811.89,
1886,,,,,54.35
1887,29.7,,,,
1888,,4.92,,,
1889,,,,812.0,
1890,33.9,,,,
1891,,,,811.97,
1892,34.4,,,,
1893,,,,811.9,
1894,,4.23,,,
1895,25.0,,,,
1896,,4.77,,,
1897,24.5,,,,
1898,,,6.97,,
1899,,,,,29.69
1900,19.0,,,,
1901,,,7.0,,
1902,18.5,,,,
1903,,,,811.67,
1904,,,6.83,,
1905,18.7,,,,
1906,,,6.53,,
1907,,,6.53,,
1908,,,6.77,,
1909,,,,811.73,
1910,,3.7,,,
1911,13.5,,,,
1912,,,,,28.39
1913,,,,811.82,
1914,19.6,,,,
1915,19.6,,,,
1916,,,,811.85,
1917,,,,,20.85
1918,,,,,15.49
1919,,,,812.01,
1920,,12.98,,,
1921,,,,,26.88
1922,19.9,,,,
1923,,,,811.62,
1924,,4.38,,,
1925,14.7,,,,
1926,,3.64,,,
1927,,,6.36,,
1928,,,,811.59,
1929,,,,,35.94
1930,,,8.44,,
1931,,,,811.73,
1932,,,,,35.25
1933,,4.29,,,
1934,19.5,,,,
1935,18.2,,,,
1936,18.0,,,,
1937,,4.16,,,
1938,,,7.18,,
1939,,,6.91,,
1940,,7.64,,,
1941,23.3,,,,
1942,,,,811.86,
1943,,,,,12.24
1944,,,6.32,,
1945,,,,,13.43
1946,,,6.42,,
1947,,,,,19.61
1948,,,,811.98,
1949,25.2,,,,
1950,,,,811.84,
1951,0.0,,,,
1952,,,,,42.74
1953,,,,,43.61
1954,,,,,41.72
1955,,,,811.83,
1956,,,9.58,,
1957,,,9.29,,
1958,23.0,,,,
1959,,,8.51,,
1960,,,,,23.32
1961,,,,811.98,
1962,34.5,,,,
1963,,5.89,,,
1964,,,,,16.37
1965,,,7.31,,
1966,,6.33,,,
1967,,,,811.8,
1968,,9.32,,,
1969,,7.89,,,
1970,,,,,24.12
1971,39.5,,,,
1972,,,,,58.72
1973,,7.87,,,
1974,,,,,51.5
1975,,9.61,,,
1976,,,,832.57,
1977,,,9.88,,
1978,,,9.38,,
1979,,,,,36.24
1980,31.9,,,,
1981,,17.72,,,
1982,,16.47,,,
1983,33.6,,,,
1984,,14.96,,,
1985,,,,685.23,
1986,,,7.02,,
1987,,,,,11.55
1988,,,,,16.93
1989,,,,1038.57,
1990,,18.71,,,
1991,,14.16,,,
1992,31.0,11.25,9.18,664.37,52.46
1993,,,,632.44,
1994,,6.11,,,
1995,25.0,,,,
1996,,,,837.1,
1997,23.8,,,,
1998,,,,,43.41
1999,,,,,36.4
2000,,,,1028.13,
2001,,,10.12,,
2002,,,,906.33,
2003,,10.96,,,
2004,,,,,18.27
2005,,,,1002.59,
2006,,,,,8.37
2007,,,8.18,,
2008,,,,,9.76
2009,,11.16,,,
2010,,,7.2,,
2011,,,,,17.55
2012,,9.85,,,
2013,,,7.85,,
2014,,,,813.15,
2015,,7.49,,,
2016,,,,707.82,
2017,,,11.05,,
2018,34.0,,,,
2019,,,,755.89,
2020,,,11.18,,
2021,,6.4,,,
2022,,4.96,,,
2023,33.0,,,,
2024,,,,1148.91,
2025,,,,1116.02,
2026,,,,,28.66
2027,,,,,17.32
2028,35.5,,,,
2029,,,,961.09,
2030,,,8.26,,
2031,,,8.17,,
2032,,,7.67,,
2033,,,7.78,,
2034,,,8.07,,
2035,32.7,,,,
2036,,5.77,,,
2037,,5.67,,,
2038,,,10.32,,
2039,,,,,52.42
2040,,,,682.79,
2041,,8.99,,,
2042,,12.0,,,
2043,,10.56,,,
2044,,,,,38.24
2045,,,,,30.56
2046,,,9.14,,
2047,23.4,,,,
2048,,,,,24.98
2049,,27.78,,,
2050,24.1,,,,
2051,,,,,38.13
2052,,,,582.38,
2053,19.2,8.47,7.4,550.7,39.17
2054,,,,,36.16
2055,,,7.15,,
2056,,,,583.34,
2057,,,7.26,,
2058,20.8,,,,
2059,17.9,,,,
2060,,8.96,,,
2061,16.4,,,,
2062,17.3,,,,
2063,,,10.17,,
2064,,,,726.54,
2065,,,,,47.1
2066,,,,,47.05
2067,,,9.79,,
2068,,11.12,,,
2069,,,,,34.62
2070,,92.39,,,
2071,,,,,34.9
2072,,,,563.54,
2073,22.5,,,,
2074,,,7.56,,
2075,,,,497.16,
2076,,,,,36.65
2077,,,,580.46,
2078,,8.27,,,
2079,22.9,,,,
2080,,,,745.37,
2081,,9.59,,,
2082,,9.41,,,
2083,,6.96,,,
2084,,,9.77,,
2085,,,,693.11,
2086,26.0,,,,
2087,,,,794.48,
2088,,,,,42.37
2089,,,,,43.33
2090,,,,,44.86
2091,,,,624.09,
2092,22.0,,,,
2093,,,7.97,,
2094,,,,606.85,
2095,,6.63,,,
2096,,,,508.92,
2097,23.1,4.58,7.25,485.15,35.24
2098,,,,472.07,
2099,,,,,30.55
2100,21.5,,,,
2101,,,,,24.55
2102,,,7.48,,
2103,,3.16,,,
2104,27.5,,,,
2105,,,9.02,,
2106,,,9.53,,
2107,28.3,,,,
2108,,,9.9,,
2109,,3.59,,,
2110,,4.02,,,
2111,,,,,42.67
2112,,,,,39.52
2113,22.9,,,,
2114,10.9,,,,
2115,,,,,29.9
2116,27.5,,,,
2117,,,,777.65,
2118,,,,,28.79
2119,,14.68,,,
2120,,18.47,,,
2121,,,,539.19,
2122,,15.46,,,
2123,,,,,25.8
2124,,,7.93,,
2125,,,,,27.25
2126,,,,,37.34
2127,,6.89,,,
2128,,,,,41.34
2129,,,,,42.04
2130,,,,,44.1
2131,,,,620.41,
2132,,,9.86,,
2133,22.7,,,,
2134,,2.51,,,
2135,,10.56,,,
2136,,,,832.91,
2137,,,9.45,,
2138,,,,705.7,
2139,,,,,38.25
2140,,,8.48,,
2141,,11.94,,,
2142,,9.27,,,
2143,,,,649.03,
2144,,,7.52,,
2145,,10.11,,,
2146,37.2,,,,
2147,,,,620.69,
2148,30.5,,,,
2149,41.6,,,,
2150,,7.88,,,
2151,,,,,57.76
2152,,,,,61.7
2153,,7.26,,,
2154,37.6,,,,
2155,,6.24,,,
2156,,,10.33,,
2157,,,,,68.91
2158,,,,1165.92,
2159,50.7,,,,
2160,,,9.3,,
2161,,6.34,,,
2162,56.0,,,,
2163,,,8.99,,
2164,,,,1205.94,
2165,,,,1117.96,
2166,,,,,9.29
2167,,17.58,,,
2168,44.5,,,,
2169,42.4,,,,
2170,42.0,,,,
2171,,,7.89,,
2172,41.6,,,,
2173,,,,1140.52,
2174,,,,,58.47
2175,,,,,73.82
2176,,,,840.49,
2177,,5.21,,,
2178,,,,962.75,
2179,33.7,,,,
2180,34.6,,,,
2181,,,,1101.11,
2182,,,,1092.79,
2183,38.3,,,,
2184,,17.29,,,
2185,,,,1008.24,
2186,,,,,37.26
2187,,14.4,,,
2188,,,,,40.32
2189,26.4,,,,
2190,29.5,,,,
2191,,,,699.37,
2192,25.9,,,,
2193,,,,836.45,
2194,,,,,33.12
2195,,7.0,,,
2196,,6.27,,,
2197,,,,,52.97
2198,28.8,,,,
2199,,,,750.78,
2200,,,,,67.91
2201,,,,,59.36
2202,,2.86,,,
2203,,2.76,,,
2204,,,9.15,,
2205,,,9.16,,
2206,28.4,,,,
2207,,,,,35.5
2208,23.7,,,,
2209,,,,,13.22
2210,,,7.86,,
2211,,,,,14.9
2212,,,,1068.97,
2213,20.9,,,,
2214,19.4,,,,
2215,,,7.29,,
2216,,,,,14.11
2217,,,7.33,,
2218,,,7.37,,
2219,,,,719.26,
2220,,4.06,,,
2221,,4.38,,,
2222,,,,,61.07
2223,,,,,55.02
2224,,,,801.28,
2225,38.3,,,,
2226,,,,943.46,
2227,,,,,46.88
2228,47.5,,,,
2229,,16.19,,,
2230,,17.7,,,
2231,,,,949.93,
2232,,15.74,,,
2233,,15.24,,,
2234,,,,820.84,
2235,,,,,58.9
2236,26.9,,,,
2237,,3.4,,,
2238,,,,,45.54
2239,35.3,2.56,10.43,986.64,41.49
2240,26.7,,,,
2241,26.5,7.42,9.07,1075.53,38.19
2242,,6.37,,,
2243,,,8.7,,
2244,,,,,32.47
2245,,,,883.68,
2246,,,,,35.08
2247,22.8,,,,
2248,,,7.25,,
2249,,,,626.09,
2250,,4.88,,,
2251,,5.09,,,
2252,,26.16,,,
2253,23.1,,,,
2254,,,,,24.6
2255,,,,,32.03
2256,,,7.25,,
2257,,,7.47,,
2258,,,7.75,,
2259,,,8.2,,
2260,,,,737.29,
2261,,4.15,,,
2262,,,,,49.0
2263,,3.3,,,
2264,,,8.26,,
2265,,,8.08,,
2266,29.7,,,,
2267,24.6,,,,
2268,,,8.53,,
2269,,,,1061.43,
2270,,,,,26.55
2271,,,,991.25,
2272,,,,,10.27
2273,34.0,,,,
2274,,,,871.63,
2275,,,6.9,,
2276,,,,,14.17
2277,,,6.94,,
2278,,11.4,,,
2279,,,,1013.01,
2280,,,9.25,,
2281,,5.29,,,
2282,,,,,63.3
2283,,,8.95,,
2284,,,,1086.04,
2285,,,,,40.68
2286,59.7,,,,
2287,,,,,13.48
2288,61.7,,,,
2289,,,8.04,,
2290,,19.43,,,
2291,,,,,10.83
2292,,,,,8.87
2293,,,8.5,,
2294,,,8.26,,
2295,,10.21,,,
2296,,6.8,,,
2297,56.2,,,,
2298,,,,1368.36,
2299,63.2,,,,
2300,,10.23,,,
2301,,,,,41.75
2302,,,9.08,,
2303,,,9.02,,
2304,58.2,,,,
2305,64.1,,,,
2306,,,9.02,,
2307,,7.88,,,
2308,87.3,,,,
2309,,,,993.1,
2310,,,,971.2,
2311,,27.88,,,
2312,,,,,52.12
2313,32.2,,,,
2314,,,,586.93,
2315,,,,635.03,
2316,,,,755.86,
2317,12.3,,,,
2318,,,,,46.22
2319,,,8.29,,
2320,,,,,46.74
2321,,,,,43.78
2322,,,,,38.45
2323,,,,1121.9,
2324,,,,,35.29
2325,15.8,4.71,8.7,1191.83,19.92
2326,17.4,,,,
2327,,7.34,,,
2328,,12.14,,,
2329,,,,1080.61,
2330,20.2,,,,
2331,,,,,39.05
2332,,13.48,,,
2333,,,6.92,,
2334,,,6.69,,
2335,,,,740.7,
2336,,,6.63,,
2337,,7.69,,,
2338,,,7.21,,
2339,,,,836.88,
2340,,,,795.64,
2341,26.2,,,,
2342,,,,,60.22
2343,,,,733.31,
2344,,,8.83,,
2345,,,,893.17,
2346,,4.63,,,
2347,,,,,50.46
2348,,,7.87,,
2349,,6.61,,,
2350,15.8,,,,
2351,,,,,28.1
2352,,14.52,,,
2353,,18.22,,,
2354,,,,,32.12
2355,,12.38,,,
2356,,10.04,,,
2357,21.5,,,,
2358,,,,,34.16
2359,22.8,,,,
2360,,,,824.22,
2361,,4.47,,,
2362,,,7.4,,
2363,22.9,,,,
2364,,,,,46.85
2365,,,,746.8,
2366,,,,,53.04
2367,,,8.74,,
2368,,,,834.82,
2369,,3.66,,,
2370,18.8,,,,
2371,,,,,40.17
2372,,,,934.77,
2373,15.1,,,,
2374,,9.56,,,
2375,,17.55,,,
2376,,,,909.42,
2377,20.6,,,,
2378,28.0,,,,
2379,,,,751.12,
2380,28.1,,,,
2381,,,,725.19,
2382,,,,788.93,
2383,,,6.98,,
2384,21.1,,,,
2385,,,,932.38,
2386,,,,968.18,
2387,,,8.72,,
2388,,,,1106.17,
2389,,,,1160.4,
2390,29.2,,,,
2391,,,,,13.23
2392,,,8.3,,
2393,,,8.63,,
2394,,,,1505.15,
2395,,22.21,,,
2396,,,,,12.78
2397,,14.26,,,
2398,,,,1154.35,
2399,,6.26,,,
2400,,,,,10.38
2401,,,,1249.65,
2402,,,,,14.35
2403,,,7.86,,
2404,,,,1149.87,
2405,32.0,,,,
2406,,,,1084.53,
2407,,17.27,,,
2408,,,6.07,,
2409,,,6.74,,
2410,19.5,,,,
2411,,,,1310.79,
2412,,25.76,,,
2413,,,,,27.58
2414,,,,,26.2
2415,,,,,30.51
2416,28.8,18.37,7.67,985.12,33.93
2417,26.2,,,,
2418,,,,,35.2
2419,,,,874.28,
2420,,9.48,,,
2421,28.9,,,,
2422,,,7.45,,
2423,,,,,57.57
2424,,,,1047.64,
2425,,7.51,,,
2426,27.6,,,,
2427,,,,1176.1,
2428,,,,1143.33,
2429,,,,,28.39
2430,,,,,11.95
2431,,,,,21.07
2432,,,,,20.36
2433,,13.92,,,
2434,24.9,,,,
2435,,,,1056.64,
2436,,,7.32,,
2437,,,,,41.29
2438,,8.88,,,
2439,,8.18,,,
2440,,,9.38,,
2441,,,8.22,,
2442,,,,,77.56
2443,,,,1224.24,
2444,,,8.09,,
2445,28.1,,,,
2446,,7.66,,,
2447,,,,,29.75
2448,,,,,26.32
2449,,,,1616.66,
2450,,10.24,,,
2451,,,7.75,,
2452,,,,,11.47
2453,,,,1695.84,
2454,,,,,10.99
2455,,,,1207.7,
2456,,,,1142.75,
2457,,,,,16.19
2458,,,,1136.25,
2459,,,,1030.16,
2460,,,,1094.29,
2461,,,8.38,,
2462,,,,,57.88
2463,36.7,,,,
2464,,,,1004.95,
2465,,,,,63.35
2466,37.8,,,,
2467,,,8.29,,
2468,37.5,,,,
2469,,,7.51,,
2470,,4.04,,,
2471,,,,1621.49,
2472,,10.25,,,
2473,,13.16,,,
2474,,14.76,,,
2475,50.4,,,,
2476,53.9,,,,
2477,,,,,48.47
2478,56.5,,,,
2479,,42.57,,,
2480,,,,,36.73
2481,,,8.3,,
2482,,,,1403.88,
2483,,,,1271.99,
2484,,11.88,,,
2485,54.1,,,,
2486,,,9.55,,
2487,,,9.05,,
2488,,,8.87,,
2489,53.7,,,,
2490,,2.4,,,
2491,,2.13,,,
2492,39.0,,,,
2493,,,,1783.3,
2494,,,,,8.71
2495,,,,2205.75,
2496,,,8.06,,
2497,,,,1472.72,
2498,,29.67,,,
2499,,,,,47.44
2500,,,,1049.46,
2501,,,7.51,,
2502,,,,1000.42,
2503,,,,,32.52
2504,,16.99,,,
2505,,13.48,,,
2506,,,,1273.23,
2507,42.5,,,,
2508,,9.77,,,
2509,,,,1258.53,
2510,,,,1121.17,
2511,,,,,30.19
2512,,,,1234.87,
2513,36.5,,,,
2514,45.1,26.75,11.55,1336.93,19.68
2515,47.4,,,,
2516,,,,1332.7,
2517,,,,1218.96,
2518,,,,1162.08,
2519,,42.88,,,
2520,,,13.51,,
2521,29.5,23.67,13.37,914.1,31.42
2522,,,,,31.26
2523,,,13.1,,
2524,,,13.25,,
2525,,12.63,,,
2526,,,13.78,,
2527,33.2,,,,
2528,29.1,,,,
2529,,5.56,,,
2530,,,,1221.94,
2531,,,,1399.16,
2532,37.9,,,,
2533,,,12.32,,
2534,,11.07,,,
2535,,,12.94,,
2536,,,,,16.1
2537,,,,,19.53
2538,,,13.61,,
2539,,24.77,,,
2540,,,13.22,,
2541,,,13.21,,
2542,,,13.0,,
2543,,,12.98,,
2544,,,,1239.6,
2545,,6.34,,,
2546,,,,,68.35
2547,39.7,,,,
2548,,,,1383.06,
2549,,,13.66,,
2550,,,,,21.41
2551,,,,,18.97
2552,35.8,,,,
2553,28.4,,,,
2554,,,,830.64,
2555,,,,,12.03
2556,40.5,,,,
2557,,,,986.65,
2558,,,,1033.51,
2559,37.8,,,,
2560,,,,,41.14
2561,,,,,25.01
2562,32.7,,,,
2563,,,,,16.76
2564,,,,1153.92,
2565,32.1,,,,
2566,,,,,20.0
2567,,,,1071.41,
2568,,,,994.35,
2569,28.8,,,,
2570,,,12.91,,
2571,,,12.84,,
2572,,7.89,,,
2573,25.2,,,,
2574,,9.06,,,
2575,20.7,,,,
2576,,,,867.75,
2577,,,,,41.85
2578,,4.45,,,
2579,,,,,21.7
2580,,15.71,,,
2581,,,,,24.29
2582,,37.49,,,
2583,,30.73,,,
2584,,,13.45,,
2585,,,,,28.09
2586,,23.49,,,
2587,19.2,,,,
2588,16.1,,,,
2589,,,,,28.84
2590,,,13.84,,
2591,,,,803.42,
2592,24.7,,,,
2593,,,,929.88,
2594,,4.04,,,
2595,19.8,,,,
2596,,,,,35.74
2597,,,11.83,,
2598,,,,1303.46,
2599,33.4,,,,
2600,,15.92,,,
2601,,,,1460.98,
2602,,,12.63,,
2603,,,,1019.53,
2604,,,,889.06,
2605,,,13.56,,
2606,,,,,25.3
2607,,,13.25,,
2608,,,,,18.5
2609,,,,,27.53
2610,,,13.74,,
2611,46.6,,,,
2612,,3.01,,,
2613,,,14.63,,
2614,,,,,36.06
2615,47.6,,,,
2616,,,,571.58,
2617,32.3,,,,
2618,,8.85,,,
2619,,,,,16.37
2620,,,,855.16,
2621,,,,839.47,
2622,,,,,30.18
2623,,,,771.31,
2624,30.8,,,,
2625,,,12.91,,
2626,,,13.18,,
2627,43.4,,,,
2628,37.9,,,,
2629,,,,659.98,
2630,,,,,43.56
2631,,3.44,,,
2632,38.5,,,,
2633,,3.39,,,
2634,,,,,30.99
2635,,,11.83,,
2636,,,10.92,,
2637,,,,695.0,
2638,,10.76,,,
2639,,,,906.77,
2640,,,,,16.95
2641,,,,,1.04
2642,,25.57,,,
2643,,33.19,,,
2644,,,13.46,,
2645,,,,708.1,
2646,18.3,,,,
2647,,,13.2,,
2648,,,,,44.42
2649,45.0,,,,
2650,,,13.09,,
2651,,,,636.0,
2652,,,,,38.87
2653,,,12.96,,
2654,39.2,,,,
2655,42.6,,,,
2656,,,12.07,,
2657,,,10.83,,
2658,,,,954.44,
2659,35.8,,,,
2660,,,,1032.63,
2661,,,12.37,,
2662,,,12.53,,
2663,29.6,,,,
2664,,,,680.26,
2665,35.9,,,,
2666,32.8,,,,
2667,,,,,4.22
2668,34.8,,,,
2669,,,12.86,,
2670,,,14.46,,
2671,51.7,,,,
2672,,,14.54,,
2673,,,,895.79,
2674,43.9,,,,
2675,,,,,40.31
2676,,,,892.76,
2677,53.5,,,,
2678,,,10.51,,
2679,,,11.56,,
2680,,,,,0.07
2681,,14.15,,,
2682,,,,,0.14
2683,61.8,,,,
2684,,,,1465.13,
2685,58.1,,,,
2686,,,,,2.34
2687,46.6,,,,
2688,,,12.57,,
2689,,14.21,,,
2690,,,,,22.83
2691,58.7,10.65,13.2,1008.58,31.91
2692,,8.69,,,
2693,,7.42,,,
2694,,,,,55.62
2695,42.7,,,,
2696,,,,,50.73
2697,,,,706.4,
2698,32.3,,,,
2699,,,,,24.3
2700,,,11.65,,
2701,,,,873.08,
2702,,,11.72,,
2703,,,,1106.23,
2704,,21.26,,,
2705,,,,,18.64
2706,,,,,24.06
2707,,,,766.05,
2708,,,,,31.9
2709,,,,,34.05
2710,,,12.6,,
2711,,,12.65,,
2712,,18.99,,,
2713,,,13.6,,
2714,,,,,26.66
2715,41.7,,,,
2716,,,13.65,,
2717,44.2,,,,
2718,39.5,,,,
2719,33.6,,,,
2720,,,,759.92,
2721,44.1,,,,
2722,,9.48,,,
2723,,,12.55,,
2724,,,,647.16,
2725,,,10.81,,
2726,,,11.24,,
2727,,,,,8.31
2728,,,,,11.31
2729,,,,,19.18
2730,,,,869.72,
2731,,42.27,,,
2732,,38.16,,,
2733,,30.57,,,
2734,,,,641.02,
2735,,16.47,,,
2736,,12.61,,,
2737,,,12.91,,
2738,,,,612.66,
2739,,8.58,,,
2740,19.1,6.36,13.68,566.88,53.62
2741,27.3,,,,
2742,,,,614.56,
2743,,5.75,,,
2744,,,,,62.27
2745,,,12.33,,
2746,,,11.97,,
2747,,,,,32.48
2748,,,,817.92,
2749,,,12.22,,
2750,,,,,26.12
2751,27.4,,,,
2752,27.1,,,,
2753,,21.09,,,
2754,,,13.26,,
2755,,,,,31.43
2756,,,,565.49,
2757,,,12.7,,
2758,,,,640.13,
2759,,,,,15.72
2760,36.7,,,,
2761,,,13.75,,
2762,,,,,31.93
2763,40.4,,,,
2764,39.7,,,,
2765,,,14.03,,
2766,,2.48,,,
2767,,,,,49.98
2768,,,,,44.15
2769,,,,,31.01
2770,,,,879.68,
2771,,,11.78,,
2772,,,,,19.36
2773,,,12.05,,
2774,,,,,17.86
2775,,14.29,,,
2776,27.7,,,,
2777,,,,791.09,
2778,,,13.74,,
2779,,18.46,,,
2780,,,13.33,,
2781,,,13.14,,
2782,,12.05,,,
2783,,23.67,,,
2784,,,,1014.3,
2785,,,,996.71,
2786,,12.78,,,
2787,,,13.09,,
2788,41.7,,,,
2789,,,,729.68,
2790,,,12.75,,
2791,,,,,41.13
2792,,,,,35.37
2793,33.9,5.58,12.8,846.7,32.07
2794,,,12.41,,
2795,,,11.69,,
2796,,,,986.83,
2797,,11.43,,,
2798,41.1,,,,
2799,,,,1152.2,
2800,,27.68,,,
2801,34.1,,,,
2802,33.9,,,,
2803,,,,793.72,
2804,,26.69,,,
2805,,,,640.65,
2806,,18.4,,,
2807,,,,883.54,
2808,,,,,13.69
2809,,,13.64,,
2810,39.6,,,,
2811,,,,,44.07
2812,,,13.82,,
2813,,,,,50.2
2814,,,13.2,,
2815,,,13.3,,
2816,29.5,,,,
2817,,,,872.09,
2818,,,,859.25,
2819,34.7,,,,
2820,,5.71,,,
2821,,,,1254.05,
2822,,,12.81,,
2823,,24.67,,,
2824,,20.69,,,
2825,,,,,24.07
2826,33.4,,,,
2827,,12.86,,,
2828,,11.1,,,
2829,,,,758.24,
2830,,14.96,,,
2831,,12.45,,,
2832,,,,997.93,
2833,,,,1068.29,
2834,50.6,,,,
2835,,8.91,,,
2836,,,,907.86,
2837,,,,,44.95
2838,,6.61,,,
2839,,,,1168.76,
2840,48.4,,,,
2841,,,,,31.52
2842,,,13.26,,
2843,,,12.82,,
2844,,,12.49,,
2845,,8.43,,,
2846,,7.8,,,
2847,,,,,19.04
2848,,,,1077.07,
2849,,32.06,,,
2850,,29.45,,,
2851,,,,772.61,
2852,,,,760.08,
2853,,,12.72,,
2854,,,,745.41,
2855,,9.41,,,
2856,51.5,,,,
2857,,,13.59,,
2858,34.8,,,,
2859,,4.66,,,
2860,,,12.82,,
2861,,,,1043.99,
2862,,,12.7,,
2863,,,12.25,,
2864,,,,,25.03
2865,,,,,28.16
2866,,6.81,,,
2867,,,,,19.7
2868,,,,,22.92
2869,,13.11,,,
2870,,,13.66,,
2871,,10.08,,,
2872,,,,872.96,
2873,,12.69,,,
2874,,,,,31.0
2875,,,,,32.15
2876,,,,929.56,
2877,,,,,23.8
2878,,,,,31.15
2879,24.5,,,,
2880,,,13.37,,
2881,,,,866.36,
2882,,,,928.22,
2883,,,,1005.6,
2884,27.2,,,,
2885,,,,,32.08
2886,,,12.71,,
2887,,6.89,,,
2888,20.4,,,,
2889,,11.74,,,
2890,,,13.57,,
2891,17.5,,,,
2892,20.2,,,,
2893,,,,1087.19,
2894,,27.92,,,
2895,32.6,,,,
2896,,22.42,,,
2897,27.9,,,,
2898,,,,,28.03
2899,,19.54,,,
2900,,,13.29,,
2901,,6.17,,,
2902,,,,1029.96,
2903,,,,,42.58
2904,,,,,40.78
2905,,,12.33,,
2906,,,11.7,,
2907,,6.79,,,
2908,,17.3,,,
2909,,,,1816.19,
2910,,,,,0.22
2911,29.4,,,,
2912,,,,,19.99
2913,,,,,19.46
2914,31.4,28.57,12.77,1062.77,30.44
2915,30.8,23.99,12.63,982.34,29.07
2916,,,,,26.04
2917,,14.51,,,
2918,,,,1099.15,
2919,,8.63,,,
2920,,,13.16,,
2921,36.2,,,,
2922,36.0,,,,
2923,,,13.18,,
2924,62.0,,,,
2925,59.3,,,,
2926,,,12.28,,
2927,51.2,,,,
2928,,,11.04,,
2929,,,11.58,,
2930,,,,2204.16,
2931,,,,2317.83,
2932,,,13.09,,
2933,,35.62,,,
2934,,,,,30.78
2935,,,,1328.16,
2936,,,13.8,,
2937,54.1,,,,
2938,,,,,6.25
2939,,,,1562.33,
2940,,,14.45,,
2941,,18.15,,,
2942,,,,,37.49
2943,,10.25,,,
2944,,,,,45.26
2945,,7.54,,,
2946,,,,,33.33
2947,,,,,24.5
2948,,,,,26.41
2949,,,12.5,,
2950,,,,1418.5,
2951,25.4,,,,
2952,,,,1543.53,
2953,29.2,21.43,13.56,1552.91,27.21
2954,55.9,,,,
2955,,22.94,,,
2956,,16.32,,,
2957,,,,1256.98,
2958,,12.23,,,
2959,44.2,,,,
2960,,,,,20.45
2961,,,,,24.07
2962,,23.05,,,
2963,58.4,,,,
2964,,23.97,,,
2965,,,,,35.05
2966,,29.38,,,
2967,,23.64,,,
2968,,,14.22,,
2969,60.4,,,,
2970,,23.44,,,
2971,54.3,,,,
2972,,12.95,,,
2973,47.3,,,,
2974,,,13.74,,
2975,,19.46,,,
2976,40.5,,,,
2977,,,13.95,,
2978,,,14.06,,
2979,,,14.34,,
2980,,,,1171.47,
2981,,,,,34.75
2982,,11.29,,,
2983,,,,1163.53,
2984,,,14.13,,
2985,,,,,25.85
2986,,,,1141.46,
2987,,,14.27,,
2988,,,,,16.76
2989,28.3,,,,
2990,,,,1561.13,
2991,,,14.12,,
2992,,,,,3.04
2993,,,14.19,,
2994,,,14.1,,
2995,,,,1633.34,
2996,,,,1557.67,
2997,,,,,7.55
2998,,5.38,,,
2999,28.3,,,,
3000,,,13.79,,
3001,,16.01,,,
3002,,,14.03,,
3003,,27.65,,,
3004,,,,,14.19
3005,,,14.3,,
3006,,18.28,,,
3007,,23.89,,,
3008,33.1,,,,
3009,,,14.73,,
3010,,9.12,,,
3011,34.0,,,,
3012,,,,1617.68,
3013,47.5,,,,
3014,,,15.12,,
3015,,,,1743.43,
3016,,,,1754.26,
3017,,,,1796.36,
3018,,34.55,,,
3019,,26.98,,,
3020,,30.5,,,
3021,,,,1763.73,
3022,45.2,,,,
3023,,,14.47,,
3024,,,14.33,,
3025,,,,1416.22,
3026,,22.08,,,
3027,,,14.43,,
3028,,,14.58,,
3029,50.9,,,,
3030,,,,,36.17
3031,,,15.3,,
3032,,,,1202.94,
3033,,,16.08,,
3034,36.5,3.04,15.84,1214.14,42.1
3035,,,,1355.74,
3036,,,,,14.6
3037,,,15.95,,
3038,48.7,,,,
3039,39.7,,,,
3040,,11.81,,,
3041,,,15.41,,
3042,48.7,,,,
3043,54.2,,,,
3044,52.4,,,,
3045,,,15.61,,
3046,,,,1049.46,
3047,,22.44,,,
3048,,,,883.21,
3049,,14.59,,,
3050,,,,855.16,
3051,,,,,24.81
3052,,,15.13,,
3053,,,,,15.18
3054,,11.12,,,
3055,,8.6,,,
3056,,,,,41.86
3057,,,,1051.44,
3058,,3.26,,,
3059,,,,1250.19,
3060,,,,,42.5
3061,31.5,,,,
3062,,12.81,,,
3063,,,,1114.04,
3064,,12.19,,,
3065,,,,,24.55
3066,,,,,29.49
3067,,20.3,,,
3068,,,,,31.99
3069,,21.14,,,
3070,,,,813.95,
3071,,10.87,,,
3072,,,,740.59,
3073,,,,737.62,
3074,,,,,34.03
3075,,,,1036.49,
3076,,3.79,,,
3077,,,,1204.6,
3078,,,,1068.54,
3079,30.3,,,,
3080,32.1,,,,
3081,,,,914.8,
3082,,,16.28,,
3083,,4.76,,,
3084,,7.18,,,
3085,,,,,21.28
3086,,14.25,,,
3087,,,,1706.87,
3088,,,,,5.42
3089,,,,,5.51
3090,43.7,,,,
3091,,,,1578.81,
3092,,11.09,,,
3093,,,15.23,,
3094,,,,905.46,
3095,37.3,,,,
3096,,,,791.94,
3097,,15.22,,,
3098,,,,,23.26
3099,,,14.58,,
3100,,,,941.05,
3101,,8.35,,,
3102,35.7,,,,
3103,,6.16,,,
3104,,,,815.96,
3105,33.8,,,,
3106,,,15.61,,
3107,,,15.57,,
3108,,,,,46.6
3109,,,,925.93,
3110,,,15.26,,
3111,,6.54,,,
3112,,,16.07,,
3113,,,,,18.78
3114,24.9,,,,
3115,,,15.18,,
3116,,,,,24.33
3117,,,14.95,,
3118,47.3,,,,
3119,40.1,,,,
3120,40.2,3.13,15.16,1458.17,39.74
3121,,,,1360.73,
3122,,,15.26,,
3123,,,,,41.27
3124,,,,,34.91
3125,,,,,36.11
3126,,,,1400.67,
3127,,,,1727.48,
3128,,,16.05,,
3129,21.3,,,,
3130,,,15.64,,
3131,,,15.29,,
3132,26.8,4.03,14.93,1304.6,29.7
3133,,,,,34.38
3134,24.6,10.05,14.91,1222.76,38.38
3135,,,14.83,,
3136,,,14.5,,
3137,,,,1152.2,
3138,,,,1188.28,
3139,,,14.85,,
3140,19.1,,,,
3141,,,,1757.11,
3142,,,15.04,,
3143,,,,1546.47,
3144,,4.32,,,
3145,42.1,,,,
3146,,,,1407.81,
3147,,,,1430.98,
3148,,,15.74,,
3149,,,,,33.02
3150,,8.52,,,
3151,,,,1808.57,
3152,,,,,6.06
3153,,7.4,,,
3154,,,15.95,,
3155,,12.43,,,
3156,,,,2028.96,
3157,48.1,,,,
3158,,,,1904.66,
3159,,,,,5.92
3160,,,,,8.27
3161,,,,1511.03,
3162,44.3,,,,
3163,42.1,,,,
3164,45.2,,,,
3165,,,,,14.79
3166,,6.08,,,
3167,52.3,,,,
3168,,,,1654.86,
3169,,,15.75,,
3170,,,,,44.62
3171,,4.39,,,
3172,,,15.52,,
3173,,,,,30.22
3174,,,,2727.14,
3175,,,16.67,,
3176,55.6,,,,
3177,,,17.03,,
3178,,,,,6.37
3179,,,,,5.42
3180,,10.42,,,
3181,,,,,6.02
3182,,,,,5.88
3183,,,15.06,,
3184,50.4,,,,
3185,,,,,10.36
3186,,,,1635.81,
3187,,,14.9,,
3188,,,,,9.06
3189,,12.5,,,
3190,,,,2297.12,
3191,,,,,24.71
3192,,,,,32.52
3193,,,16.48,,
3194,46.2,,,,
3195,,,,1904.42,
3196,,,,,45.02
3197,,,,,34.88
3198,38.5,,,,
3199,,,16.22,,
3200,,,,,5.68
3201,,,,3839.45,
3202,,15.29,,,
3203,,,,,4.99
3204,,,16.48,,
3205,73.5,,,,
3206,,,,,6.57
3207,,,,2098.22,
3208,,,,,5.64
3209,58.4,,,,
3210,,,,,6.43
3211,,,14.83,,
3212,,,15.05,,
3213,72.5,,,,
3214,,,16.03,,
3215,,,,,30.86
3216,,,16.13,,
3217,57.9,,,,
3218,,,,,52.61
3219,,,,,43.09
3220,,,15.36,,
3221,52.0,,,,
3222,,,,,5.66
3223,,,,,5.53
3224,,,,,4.84
3225,,,,3503.13,
3226,,,,3476.82,
3227,,,,3405.09,
3228,,,16.14,,
3229,,,,3081.41,
3230,,,,2757.66,
3231,,4.17,,,
3232,,,15.26,,
3233,,4.66,,,
3234,,,,2478.02,
3235,61.8,,,,
3236,,10.92,,,
3237,,8.34,,,
3238,,,,2229.7,
3239,,,,,34.05
3240,63.2,,,,
3241,,,,2024.65,
3242,,,15.8,,
3243,,9.32,,,
3244,42.7,,,,
3245,41.0,,,,
3246,,,15.67,,
3247,,,16.61,,
3248,,,,,5.68
3249,71.8,,,,
3250,,20.89,,,
3251,,,,,5.47
3252,72.4,,,,
3253,,,15.77,,
3254,67.9,,,,
3255,,,15.23,,
3256,,8.98,,,
3257,,,,,5.65
3258,,,,,7.19
3259,,,,2146.48,
3260,,5.31,,,
3261,,,15.02,,
3262,,5.6,,,
3263,44.3,,,,
3264,,,,1993.04,
3265,36.1,,,,
3266,,6.95,,,
3267,,,14.74,,
3268,,,,,30.69
3269,34.7,,,,
3270,,,,3694.1,
3271,,,,,4.58
3272,,,16.88,,
3273,,,,3844.25,
3274,90.8,,,,
3275,,,,,5.12
3276,100.5,,,,
3277,,,14.91,,
3278,,,14.94,,
3279,,8.41,,,
3280,,,,,5.74
3281,,,,,6.36
3282,,,15.13,,
3283,,5.9,,,
3284,66.0,,,,
3285,,4.29,,,
3286,,,,2224.82,
3287,,,15.52,,
3288,35.2,,,,
3289,,,,2218.85,
3290,,6.91,,,
3291,,6.13,,,
3292,39.9,,,,
3293,45.2,,,,
3294,,,15.23,,
3295,,,,,5.35
3296,,,15.95,,
3297,,,16.04,,
3298,35.2,,,,
3299,,,,,19.25
3300,31.6,,,,
3301,,,,,31.83
3302,,,,1883.78,
3303,,19.66,,,
3304,,20.91,,,
3305,,,,,17.17
3306,,,,,19.72
3307,,,15.24,,
3308,,,15.38,,
3309,41.7,,,,
3310,,,,,47.88
3311,,,,1988.34,
3312,,,,2117.51,
3313,,,,,14.49
3314,,,,,7.27
3315,,,,2584.14,
3316,,10.43,,,
3317,,,16.22,,
3318,,,15.48,,
3319,,,,,21.16
3320,,,,,31.96
3321,,,,,25.05
3322,33.3,,,,
3323,,,14.66,,
3324,,9.06,,,
3325,,,,2252.05,
3326,,,14.66,,
3327,,,,,18.86
3328,,5.54,,,
3329,,,15.42,,
3330,,3.69,,,
3331,,,,2122.34,
3332,,4.2,,,
3333,,3.8,,,
3334,,,,,43.62
3335,,5.34,,,
3336,,,,,9.41
3337,,,,3610.8,
3338,,,15.17,,
3339,,11.73,,,
3340,,,,,22.46
3341,,11.29,,,
3342,,,15.16,,
3343,,,,,14.52
3344,,11.65,,,
3345,,,,2457.4,
3346,,,14.65,,
3347,,,,2301.91,
3348,62.2,,,,
3349,,5.37,,,
3350,,5.01,,,
3351,64.3,5.23,15.46,2754.49,7.84
3352,74.3,,,,
3353,,,,,17.36
3354,,4.47,,,
3355,,,,,29.03
3356,71.6,,,,
3357,,,,,31.3
3358,58.5,4.86,15.42,2202.7,24.95
3359,,,15.6,,
3360,,,15.84,,
3361,,14.34,,,
3362,,,,2479.74,
3363,,,,2533.96,
3364,,31.17,,,
3365,,,15.08,,
3366,,35.39,,,
3367,,,14.38,,
3368,,5.77,,,
3369,,4.44,,,
3370,,,,2366.41,
3371,35.6,,,,
3372,,,14.72,,
3373,,2.16,,,
3374,,,,,29.04
3375,,,,,33.44
3376,,,15.02,,
3377,,,15.66,,
3378,32.8,,,,
3379,,2.46,,,
3380,,3.11,,,
3381,,,,2651.26,
3382,,,,2910.06,
3383,33.8,,,,
3384,,9.94,,,
3385,,18.01,,,
3386,,,,,7.77
3387,,,14.83,,
3388,,,,,9.91
3389,,,,,7.45
3390,23.3,,,,
3391,,5.85,,,
3392,,,14.72,,
3393,,,,2194.91,
3394,,,,2152.56,
3395,,,15.34,,
3396,,,,,39.25
3397,,,,,37.3
3398,,2.81,,,
3399,,,,2115.55,
3400,,4.27,,,
3401,37.9,,,,
3402,33.8,,,,
3403,,,15.15,,
3404,,14.05,,,
3405,,,14.78,,
3406,,,,,19.18
3407,28.9,,,,
3408,31.7,,,,
3409,,,,2080.99,
3410,25.5,,,,
3411,,,,,8.88
3412,,44.57,,,
3413,,31.21,,,
3414,,,,,21.34
3415,,,,,23.21
3416,,,,,22.87
3417,,,,,17.52
3418,25.5,,,,
3419,,,14.74,,
3420,,,14.62,,
3421,,,,,6.12
3422,,,,2222.5,
3423,28.2,,,,
3424,,20.36,,,
3425,,,,,15.73
3426,,,,,16.59
3427,,22.74,,,
3428,,17.61,,,
3429,25.9,,,,
3430,,10.17,,,
3431,,,,,20.55
3432,35.0,,,,
3433,,,,2108.05,
3434,,,,2045.45,
3435,,,,,32.85
3436,,,,2025.14,
3437,,,15.35,,
3438,,,,,17.06
3439,,,,,11.73
3440,,,,2210.24,
3441,,,,2142.9,
3442,,,,,22.85
3443,,,,,28.25
3444,29.0,,,,
3445,,,,,21.75
3446,,,14.12,,
3447,23.4,,,,
3448,,,,,29.72
3449,,,,1699.63,
3450,,,14.52,,
3451,,,14.41,,
3452,,,14.67,,
3453,,,,2066.88,
3454,,7.01,,,
3455,19.7,,,,
3456,,,14.88,,
3457,,,15.05,,
3458,,,,,24.93
3459,,,15.25,,
3460,,,,,46.63
3461,,,9.86,,
3462,77.8,,,,
3463,,,,1240.81,
3464,,22.67,,,
3465,,,11.65,,
3466,,,12.41,,
3467,,,,813.55,
3468,,,,,5.93
3469,,25.59,,,
3470,,,,,6.43
3471,,22.94,,,
3472,74.7,,,,
3473,,,,812.1,
3474,66.8,,,,
3475,,17.7,,,
3476,,,9.34,,
3477,45.5,,,,
3478,,,,811.81,
3479,,10.32,,,
3480,,14.2,,,
3481,83.5,,,,
3482,,,,,29.06
3483,,29.03,,,
3484,,22.51,,,
3485,,15.21,,,
3486,,18.9,,,
3487,,,,,6.69
3488,,,,814.0,
3489,,22.66,,,
3490,,,11.61,,
3491,,,,,5.69
3492,,,,813.7,
3493,,,,813.56,
3494,,32.23,,,
3495,,24.13,,,
3496,,26.8,,,
3497,66.1,,,,
3498,,,,,11.65
3499,,,,812.18,
3500,,19.53,,,
3501,,15.34,,,
3502,,,,812.0,
3503,,20.74,,,
3504,53.3,,,,
3505,,,,,35.75
3506,,,,,37.42
3507,,,,,32.56
3508,,15.24,,,
3509,,12.81,,,
3510,40.7,,,,
3511,38.7,,,,
3512,,,,,5.35
3513,,23.67,,,
3514,,,,812.7,
3515,63.1,,,,
3516,,,,812.54,
3517,,23.83,,,
3518,,20.92,,,
3519,,17.19,,,
3520,,,,812.67,
3521,,,8.96,,
3522,,3.77,,,
3523,,,,854.63,
3524,27.4,,,,
3525,23.0,,,,
3526,,,8.79,,
3527,,4.05,,,
3528,,3.85,,,
3529,,,,654.13,
3530,,,,625.0,
3531,,,,,9.5
3532,,2.61,,,
3533,27.1,,,,
3534,,,,1001.87,
3535,,,,,20.12
3536,31.2,,,,
3537,,,,,29.94
3538,,,,1019.01,
3539,,2.43,,,
3540,22.7,,,,
3541,29.6,,,,
3542,,,,,5.8
3543,39.6,,,,
3544,,,,,6.06
3545,56.1,,,,
3546,,,,1915.79,
3547,,,,1487.12,
3548,59.6,,,,
3549,,,,,5.34
3550,,,9.2,,
3551,,,,972.34,
3552,,,,,5.36
3553,,,,1179.09,
3554,,,,,6.39
3555,42.1,,,,
3556,62.3,,,,
3557,,,,,16.65
3558,,26.19,,,
3559,,27.31,,,
3560,,20.72,,,
3561,,,,,23.85
3562,,,,1729.48,
3563,54.0,,,,
3564,,,,2878.97,
3565,,,11.37,,
3566,,14.21,,,
3567,,,10.49,,
3568,,,10.31,,
3569,,,10.17,,
3570,76.9,,,,
3571,,,,,5.22
3572,62.5,,,,
3573,,,9.2,,
3574,,,,1257.99,
3575,,,,1152.56,
3576,,,,1130.85,
3577,,,,,5.99
3578,,,10.46,,
3579,59.9,,,,
3580,,,,,14.48
3581,,,,,24.81
3582,,18.97,,,
3583,,,,,41.56
3584,54.5,,,,
3585,,,,1103.86,
3586,46.8,,,,
3587,,5.74,,,
3588,38.5,,,,
3589,,,,,6.55
3590,,6.6,,,
3591,76.5,,,,
3592,,,,2448.42,
3593,,,10.02,,
3594,,,9.98,,
3595,63.7,,,,
3596,,14.21,,,
3597,,17.3,,,
3598,,,9.22,,
3599,,12.94,,,
3600,54.5,,,,
3601,54.7,,,,
3602,,,,1519.08,
3603,,18.61,,,
3604,68.4,,,,
3605,,,10.17,,
3606,,,10.46,,
3607,,,,,24.88
3608,,,10.39,,
3609,,,,,32.92
3610,,,10.86,,
3611,,,10.79,,
3612,51.5,,,,
3613,61.8,,,,
3614,,,,2644.52,
3615,,,,2643.97,
3616,,17.76,,,
3617,,,10.22,,
3618,,,,,5.98
3619,,,,1769.62,
3620,,,,1570.1,
3621,59.5,,,,
3622,,,,1342.52,
3623,,,,1361.82,
3624,,,,,5.89
3625,47.0,,,,
3626,62.8,,,,
3627,,,11.38,,
3628,74.4,,,,
3629,78.1,,,,
3630,,,,1331.98,
3631,,,10.98,,
3632,,,,1229.16,
3633,,11.24,,,
3634,,,11.17,,
3635,,10.1,,,
3636,,,,,14.61
3637,,,,,14.22
3638,,,,1436.51,
3639,45.9,,,,
3640,55.5,,,,
3641,48.7,,,,
3642,,,,1349.36,
3643,,,,1285.71,
3644,,,,1408.12,
3645,,,,,13.2
3646,,5.35,,,
3647,,,9.08,,
3648,,4.85,,,
3649,,,8.86,,
3650,,,9.06,,
3651,23.0,,,,
3652,,,9.19,,
3653,,,,,8.68
3654,,,9.83,,
3655,,,,,9.21
3656,15.9,,,,
3657,,,,1157.69,
3658,,,,1257.26,
3659,,,,1440.9,
3660,,,,,7.01
3661,,,9.62,,
3662,,8.25,,,
3663,29.0,,,,
3664,,,,1470.56,
3665,,,,,20.97
3666,,,,1424.0,
3667,,,,,23.59
3668,,,9.95,,
3669,,,9.94,,
3670,,,,1759.67,
3671,,,,,5.65
3672,,10.91,,,
3673,45.2,,,,
3674,,,,2020.28,
3675,,,,,5.6
3676,,,9.13,,
3677,,,,,5.11
3678,,,,1572.11,
3679,27.7,,,,
3680,,12.95,,,
3681,,,,1914.35,
3682,,13.11,,,
3683,,,,1894.38,
3684,,,,1891.16,
3685,,,,1635.63,
3686,47.7,,,,
3687,,,,1495.67,
3688,,14.8,,,
3689,,,10.7,,
3690,,,,1828.81,
3691,38.7,10.77,10.87,2279.82,6.12
3692,,16.58,,,
3693,,18.98,,,
3694,,22.42,,,
3695,72.1,,,,
3696,,,,,5.43
3697,,32.3,,,
3698,,,,2506.89,
3699,77.3,,,,
3700,,,,2022.46,
3701,65.1,,,,
3702,,13.74,,,
3703,,,,,5.41
3704,,11.43,,,
3705,,9.42,,,
3706,,,10.0,,
3707,,,,,8.44
3708,,,,,10.48
3709,,19.03,,,
3710,,,10.69,,
3711,,,,1795.63,
3712,,,,1725.0,
3713,61.5,,,,
3714,84.6,,,,
3715,,,11.91,,
3716,,,13.0,,
3717,,,,,5.72
3718,,,,3952.59,
3719,127.4,,,,
3720,136.4,,,,
3721,,37.94,,,
3722,,,,,5.2
3723,,,,3226.41,
3724,,,,,5.42
3725,,,,2296.2,
3726,,,,2205.12,
3727,,,,1980.54,
3728,,,,,5.73
3729,,,,,5.92
3730,,,,,7.04
3731,,,,2035.54,
3732,,,,1957.24,
3733,,18.14,,,
3734,53.4,,,,
3735,,21.07,,,
3736,,26.04,,,
3737,85.4,20.62,10.47,2174.21,8.56
3738,,,,2932.48,
3739,,,11.6,,
3740,,,,,4.95
3741,,34.67,,,
3742,,,,,5.3
3743,,,,4301.83,
3744,338.1,,,,
3745,,29.46,,,
3746,,,,3165.28,
3747,,,,,5.15
3748,97.0,,,,
3749,115.5,,,,
3750,,,,1930.57,
3751,,15.83,,,
3752,,,,,6.02
3753,,,,2739.14,
3754,1126.8,,,,
3755,,,,,5.73
3756,,26.45,,,
3757,,,11.97,,
3758,99.1,,,,
3759,,,10.53,,
3760,86.5,,,,
3761,87.6,,,,
3762,,,12.72,,
3763,,,,5112.55,
3764,,,,6309.1,
3765,,,,5759.13,
3766,,,,,5.57
3767,,,,4509.55,
3768,,,11.78,,
3769,,,,,5.7
3770,96.6,,,,
3771,,,,,7.28
3772,69.1,,,,
3773,,,9.99,,
3774,,,,,5.93
3775,,,11.61,,
3776,,,,3766.2,
3777,110.7,,,,
3778,,,,,7.51
3779,,,,2476.67,
3780,,,11.37,,
3781,,,,1948.77,
3782,,,,,12.01
3783,,,10.45,,
3784,,,,,5.2
3785,,,,,5.79
3786,89.0,,,,
3787,,,,,5.82
3788,,,,3362.02,
3789,,,,,5.96
3790,,33.31,,,
3791,,,,3395.39,
3792,,,11.24,,
3793,101.6,,,,
3794,,,,,5.52
3795,,,,2783.93,
3796,,,,,5.46
3797,,,,2275.09,
3798,,,10.83,,
3799,,21.67,,,
3800,,,11.8,,
3801,,30.87,,,
3802,,,,2258.44,
3803,,,,,20.29
3804,,,10.51,,
3805,,,,,19.57
3806,66.0,,,,
3807,65.8,,,,
3808,,,,,9.52
3809,,,9.75,,
3810,,,,,4.8
3811,,,,,6.73
3812,,,,,5.8
3813,,,,2497.78,
3814,,,10.18,,
3815,,21.2,,,
3816,63.9,,,,
3817,,,,,6.2
3818,,14.16,,,
3819,,,9.66,,
3820,60.0,,,,
3821,,,9.42,,
3822,55.9,,,,
3823,,,,,6.16
3824,71.2,,,,
3825,,25.49,,,
3826,,20.3,,,
3827,88.5,,,,
3828,,19.13,,,
3829,84.9,,,,
3830,,,,,20.83
3831,73.8,,,,
3832,,,10.58,,
3833,75.2,24.26,11.09,3311.53,5.02
3834,,25.33,,,
3835,,,9.96,,
3836,,,,2764.75,
3837,74.0,,,,
3838,99.7,,,,
3839,,,,2563.68,
3840,,,,,5.44
3841,,,,,5.29
3842,,,,,5.15
3843,,,,1858.52,
3844,95.1,,,,
3845,,,,1919.88,
3846,,15.28,,,
3847,,,,,6.82
3848,,,9.97,,
3849,,,,1823.43,
3850,,,,,14.42
3851,87.9,,,,
3852,,,10.93,,
3853,79.0,,,,
3854,,,,,18.66
3855,62.7,,,,
3856,,,10.18,,
3857,,28.24,,,
3858,,,,,5.07
3859,114.4,,,,
3860,,34.95,,,
3861,,,,3642.36,
3862,,,10.66,,
3863,,36.02,,,
3864,,37.0,,,
3865,,,,2167.58,
3866,52.3,,,,
3867,,,10.24,,
3868,,,,,12.97
3869,21.7,,,,
3870,,,,,18.41
3871,12.9,,,,
3872,,,9.62,,
3873,,,10.02,,
3874,,,9.98,,
3875,,,,,5.19
3876,,,,3823.88,
3877,,30.75,,,
3878,,,,3876.99,
3879,,,,3936.07,
3880,,,,3664.26,
3881,,36.27,,,
3882,,,10.36,,
3883,,16.36,,,
3884,,,,,13.78
3885,16.5,,,,
3886,,,,1929.5,
3887,,,8.9,,
3888,57.5,,,,
3889,,25.31,,,
3890,,,,2077.24,
3891,,,8.72,,
3892,,18.24,,,
3893,,,,,7.07
3894,45.1,,,,
3895,,,7.86,,
3896,,10.76,,,
3897,,,8.1,,
3898,34.4,,,,
3899,,,,,5.44
3900,,15.19,,,
3901,53.63,16.0,9.35,1904.75,8.87
3902,,15.99,,,
3903,,,9.36,,
3904,,,9.29,,
3905,,,9.31,,
3906,76.77,,,,
3907,,30.26,,,
3908,50.38,,,,
3909,,27.39,,,
3910,,,8.03,,
3911,,,,,8.08
3912,,,8.02,,
3913,19.12,,,,
3914,,,8.14,,
3915,,,,1712.14,
3916,,,,,5.3
3917,,,8.97,,
3918,,,,2138.74,
3919,33.34,,,,
3920,,,8.88,,
3921,42.68,10.84,9.07,1717.54,16.71
3922,,5.64,,,
3923,,,9.9,,
3924,,,,,5.05
3925,61.53,,,,
3926,70.09,,,,
3927,,34.8,,,
3928,,,,,5.47
3929,,37.46,,,
3930,,,,,4.94
3931,76.38,,,,
3932,,,8.89,,
3933,67.91,,,,
3934,,,9.01,,
3935,,,,2507.7,
3936,,,,2229.79,
3937,,,,,5.44
3938,,,,,5.6
3939,45.06,,,,
3940,,,,2098.96,
3941,,,,2013.32,
3942,,,9.29,,
3943,,,9.31,,
3944,,,,,20.25
3945,,,,,19.18
3946,,,,1874.63,
3947,,,,1847.58,
3948,,,,1846.85,
3949,,,,,7.44
3950,,,,1965.38,
3951,,,8.92,,
3952,,,,,6.33
3953,65.91,,,,
3954,69.4,,,,
3955,,27.18,,,
3956,71.72,,,,
3957,,,,,5.73
3958,,24.46,,,
3959,,,,2132.74,
3960,,17.69,,,
3961,,,,,5.49
3962,,,,1894.0,
3963,,,,1668.14,
3964,,,8.67,,
3965,,,8.98,,
3966,,,,1293.54,
3967,,11.59,,,
3968,,,9.45,,
3969,,,8.98,,
3970,,,8.92,,
3971,,,,1365.49,
3972,55.95,,,,
3973,,,,,10.05
3974,71.56,,,,
3975,,9.98,,,
3976,,,,,13.52
3977,,,,1391.45,
3978,,,,1301.52,
3979,106.36,,,,
3980,,,,,15.48
3981,96.93,,,,
3982,,,,1502.95,
3983,,,,1358.47,
3984,,21.39,,,
3985,,26.54,,,
3986,,25.7,,,
3987,,,,,9.63
3988,,,,1919.92,
3989,,20.21,,,
3990,60.78,,,,
3991,59.0,,,,
3992,,,,,19.98
3993,,21.76,,,
3994,,15.95,,,
3995,,,,,11.8
3996,,,9.81,,
3997,,,9.85,,
3998,,,10.13,,
3999,,22.77,,,
4000,75.01,,,,
4001,,25.16,,,
4002,,,,1849.64,
4003,,,,1765.83,
4004,,,8.5,,
4005,,,,1575.24,
4006,,,,,5.0
4007,,,,,5.6
4008,,,,,4.8
4009,48.46,,,,
4010,,,,2054.72,
4011,57.77,,,,
4012,,,9.68,,
4013,,,9.81,,
4014,,,,1804.83,
4015,,,,1752.84,
4016,,11.57,,,
4017,,,,1752.29,
4018,,,,2533.22,
4019,,11.8,,,
4020,,,,,6.03
4021,,,,2841.75,
4022,,,,2681.9,
4023,70.97,,,,
4024,,,9.96,,
4025,,,9.67,,
4026,,,,2315.07,
4027,,,8.98,,
4028,,,,,5.66
4029,,19.16,,,
4030,32.52,,,,
4031,,,,,5.63
4032,,,9.21,,
4033,,,,,6.77
4034,62.4,,,,
4035,71.27,,,,
4036,68.42,,,,
4037,,11.55,,,
4038,,,10.43,,
4039,,,,,14.49
4040,59.8,,,,
4041,,20.31,,,
4042,,21.25,,,
4043,,26.86,,,
4044,,,,,6.13
4045,,,9.93,,
4046,86.8,,,,
4047,,,9.39,,
4048,,,,2315.05,
4049,,319.61,,,
4050,,323.61,,,
4051,,,,,5.51
4052,68.95,,,,
4053,61.81,,,,
4054,,,,,5.31
4055,,,9.85,,
4056,,423.71,,,
4057,0.0,,,,
4058,,22.43,,,
4059,,,,1620.9,
4060,,20.54,,,
4061,,,9.0,,
4062,,,,1752.2,
4063,,,,1653.03,
4064,,15.15,,,
4065,,,,1474.68,
4066,,,,1404.16,
4067,,10.77,,,
4068,,,,1283.68,
4069,,,,1209.94,
4070,,,,1149.72,
4071,,,,1120.44,
4072,,,,1080.4,
4073,,,,,22.26
4074,,,,,19.91
4075,,,,1164.14,
4076,,,,1219.52,
4077,,4.09,,,
4078,29.86,,,,
4079,,5.77,,,
4080,,,8.12,,
4081,,,,1311.39,
4082,,12.26,,,
4083,,10.9,,,
4084,,,,1426.47,
4085,,,,1571.26,
4086,,,,,7.23
4087,23.91,,,,
4088,24.8,,,,
4089,,,,,8.76
4090,,,,,5.94
4091,,21.32,,,
4092,,,,1593.58,
4093,,,8.11,,
4094,,,,,12.6
4095,,12.09,,,
4096,24.29,,,,
4097,,9.42,,,
4098,,,8.22,,
4099,,,8.4,,
4100,,,8.31,,
4101,,,,,9.92
4102,,,,,10.32
4103,,,,1734.17,
4104,57.2,,,,
4105,,,9.17,,
4106,,27.26,,,
4107,,,9.27,,
4108,67.07,,,,
4109,,,,,5.05
4110,,,9.13,,
4111,,,8.82,,
4112,,,,2001.62,
4113,,16.27,,,
4114,,12.73,,,
4115,,,,1524.45,
4116,,,,1422.93,
4117,,,,1295.69,
4118,,,,1215.27,
4119,,,,,17.24
4120,,6.65,,,
4121,,,,,6.6
4122,10.49,,,,
4123,,8.83,,,
4124,,,,1922.55,
4125,,,,1796.53,
4126,,,,,12.56
4127,,,,1609.55,
4128,,,,1592.98,
4129,,,,,16.3
4130,,,,1690.69,
4131,,5.7,,,
4132,,8.56,,,
4133,,,9.34,,
4134,35.45,,,,
4135,,,,2278.99,
4136,,17.46,,,
4137,38.71,,,,
4138,35.91,,,,
4139,,,,,5.18
4140,29.03,,,,
4141,26.51,,,,
4142,28.6,,,,
4143,33.04,,,,
4144,,,,,5.6
4145,,,,,5.28
4146,,,,1834.53,
4147,,16.97,,,
4148,38.96,,,,
4149,,,9.55,,
4150,,,9.47,,
4151,,,,,13.52
4152,,,,,11.66
4153,,18.64,,,
4154,,,9.76,,
4155,,,,,5.95
4156,52.86,,,,
4157,58.94,26.1,10.29,3753.88,5.73
4158,,,,5178.0,
4159,93.68,,,,
4160,,33.86,,,
4161,,,11.12,,
4162,,,10.38,,
4163,,,,,5.63
4164,88.07,,,,
4165,,,,,5.46
4166,,29.15,,,
4167,,28.17,,,
4168,47.82,,,,
4169,,,,,6.46
4170,,,,3325.25,
4171,59.34,,,,
4172,,23.24,,,
4173,,,9.7,,
4174,,,9.43,,
4175,49.57,,,,
4176,,,9.24,,
4177,,16.69,,,
4178,,,,2327.58,
4179,38.24,,,,
4180,,,,,6.45
4181,,7.68,,,
4182,,,8.8,,
4183,,7.07,,,
4184,,,,,7.61
4185,36.78,,,,
4186,,12.96,,,
4187,,,,1848.79,
4188,,,,2061.78,
4189,,,,1964.74,
4190,,,,,8.68
4191,,13.66,,,
4192,,,,1593.28,
4193,,,,,9.3
4194,,,,1584.38,
4195,,16.85,,,
4196,,,,1589.12,
4197,,,,1423.39,
4198,25.13,,,,
4199,,,,1477.72,
4200,,,,1649.99,
4201,,8.76,,,
4202,31.67,,,,
4203,,,9.91,,
4204,,,,,6.58
4205,94.94,,,,
4206,,,,,7.62
4207,,37.21,,,
4208,66.17,,,,
4209,,,,2142.56,
4210,31.27,,,,
4211,,,,1839.68,
4212,,,,1765.5,
4213,,,,,14.89
4214,,,,1574.52,
4215,,9.61,,,
4216,7.97,,,,
4217,,,,1243.01,
4218,,,,1181.99,
4219,,4.97,,,
4220,,,7.99,,
4221,2.66,,,,
4222,,,,,9.35
4223,5.56,,,,
4224,,5.11,,,
4225,7.35,,,,
4226,,,,,7.96
4227,,,,,7.86
4228,,,,,8.72
4229,,,,1329.84,
4230,,,,1385.07,
4231,,,,,8.6
4232,3.55,,,,
4233,3.53,,,,
4234,,,8.14,,
4235,,,,1373.04,
4236,,,,,10.34
4237,,,7.96,,
4238,,,,,10.64
4239,8.56,,,,
4240,,,,1223.98,
4241,10.45,,,,
4242,8.34,,,,
4243,,5.14,,,
4244,10.86,,,,
4245,,5.24,,,
4246,12.03,,,,
4247,,,,1873.47,
4248,,4.28,,,
4249,,,8.49,,
4250,,,,1615.05,
4251,,,,,11.12
4252,,,,,8.48
4253,16.95,,,,
4254,20.08,,,,
4255,16.41,,,,
4256,,,8.52,,
4257,,5.2,,,
4258,,5.9,,,
4259,,7.4,,,
4260,,,,1427.67,
4261,,,,1406.27,
4262,,,,,11.38
4263,,,8.16,,
4264,,,8.31,,
4265,15.63,,,,
4266,,,,,5.33
4267,,13.71,,,
4268,,,9.65,,
4269,,,,2225.67,
4270,,,,,11.24
4271,,,,,12.48
4272,46.23,,,,
4273,,,,,13.26
4274,,9.34,,,
4275,,7.79,,,
4276,,,,2488.16,
4277,,,9.7,,
4278,,,,,5.11
4279,,21.1,,,
4280,,24.66,,,
4281,,,,2856.4,
4282,,,9.51,,
4283,,32.08,,,
4284,,36.01,,,
4285,,35.14,,,
4286,53.01,,,,
4287,49.52,,,,
4288,53.08,,,,
4289,61.37,,,,
4290,,,,2878.02,
4291,65.29,,,,
4292,,,9.87,,
4293,,,,2069.94,
4294,64.55,,,,
4295,61.95,,,,
4296,,,,,10.95
4297,63.36,,,,
4298,,,,,7.26
4299,,,,3076.49,
4300,,,,,5.86
4301,,,,3837.06,
4302,,,,,5.95
4303,,,10.33,,
4304,,,10.12,,
4305,,,,,5.86
4306,,,9.98,,
4307,,,,,5.26
4308,,38.71,,,
4309,,,9.61,,
4310,,46.25,,,
4311,,38.54,,,
4312,,36.53,,,
4313,,,,3726.43,
4314,55.56,,,,
4315,,,11.48,,
4316,,,11.18,,
4317,,,,3441.27,
4318,,,10.72,,
4319,,,10.52,,
4320,,,10.48,,
4321,,,,2683.52,
4322,,6.32,,,
4323,,,9.43,,
4324,,,,2955.54,
4325,,,,3294.53,
4326,,,,3708.96,
4327,,35.94,,,
4328,,40.63,,,
4329,89.77,,,,
4330,80.82,,,,
4331,,,,,5.15
4332,,,,,5.31
4333,63.6,,,,
4334,,24.39,,,
4335,59.14,,,,
4336,,20.88,,,
4337,,,9.27,,
4338,,,9.75,,
4339,,,9.53,,
4340,54.03,,,,
4341,,,,2223.26,
4342,,,,2117.15,
4343,56.77,,,,
4344,,,,,12.01
4345,,18.24,,,
4346,,,,,10.64
4347,,11.29,,,
4348,,14.74,,,
4349,,,,,5.69
4350,,,,,5.99
4351,,,,3168.43,
4352,67.84,,,,
4353,,,,2537.26,
4354,,,,2188.5,
4355,32.71,,,,
4356,,,,,5.64
4357,,,,2320.61,
4358,21.24,,,,
4359,,,,,4.98
4360,,,,2404.54,
4361,21.93,,,,
4362,,,,,11.12
4363,,,,,13.72
4364,,,8.07,,
4365,,,,1791.49,
4366,,,,1778.52,
4367,,6.35,,,
4368,,,8.42,,
4369,,17.97,,,
4370,,,,,15.1
4371,,20.82,,,
4372,17.23,18.15,8.37,1771.09,15.58
4373,18.4,,,,
4374,,10.15,,,
4375,,,,1669.04,
4376,9.54,,,,
4377,,,8.26,,
4378,,,,,19.77
4379,,,,1436.74,
4380,,,8.2,,
4381,,3.55,,,
4382,,3.54,,,
4383,27.14,,,,
4384,,,8.19,,
4385,,6.3,,,
4386,,11.54,,,
4387,23.08,11.62,8.17,1461.98,17.35
4388,,,,1569.22,
4389,18.42,,,,
4390,12.89,,,,
4391,,,,,13.92
4392,,,,,14.38
4393,,,,1667.13,
4394,,,,,12.16
4395,,,8.11,,
4396,,,,1697.84,
4397,,,8.16,,
4398,,,8.19,,
4399,,,8.14,,
4400,,,,,12.66
4401,,,,,16.79
4402,,,8.06,,
4403,,3.15,,,
4404,8.5,,,,
4405,6.96,,,,
4406,,,,1511.57,
4407,,,,1760.8,
4408,13.64,,,,
4409,,,,,8.51
4410,,8.87,,,
4411,,7.2,,,
4412,,,,,11.56
4413,18.75,,,,
4414,,,8.55,,
4415,21.41,,,,
4416,,,,1887.31,
4417,,,,,9.45
4418,,6.0,,,
4419,20.81,,,,
4420,,,9.16,,
4421,,,8.98,,
4422,,,8.93,,
4423,,,8.81,,
4424,,,,1727.73,
4425,,,,1677.63,
4426,,,,,15.47
4427,,,8.75,,
4428,,,,,15.2
4429,11.48,,,,
4430,,5.27,,,
4431,,,,2501.17,
4432,,8.69,,,
4433,,,,,7.9
4434,,,,2388.74,
4435,,11.71,,,
4436,,,,,17.2
4437,,8.56,,,
4438,,7.52,,,
4439,,8.67,,,
4440,,8.13,,,
4441,,,,,12.1
4442,,,,1943.47,
4443,,,9.26,,
4444,,,,,11.18
4445,,6.4,,,
4446,,,9.76,,
4447,,,9.08,,
4448,,,,1916.12,
4449,26.3,,,,
4450,,,8.58,,
4451,,13.74,,,
4452,,11.4,,,
4453,,,,,17.12
4454,,,,,18.72
4455,,,,1766.08,
4456,,,8.95,,
4457,,,,1855.05,
4458,,5.75,,,
4459,20.45,,,,
4460,22.18,,,,
4461,19.53,,,,
4462,,,9.11,,
4463,,9.51,,,
4464,15.93,,,,
4465,,,,,10.45
4466,,,,2220.95,
4467,,10.95,,,
4468,,,9.43,,
4469,,,,2170.89,
4470,,,9.17,,
4471,15.03,,,,
4472,,,,,18.25
4473,,,,,22.28
4474,,,,,22.86
4475,13.57,,,,
4476,11.23,,,,
4477,,,,,18.01
4478,19.35,,,,
4479,,,,,8.19
4480,,8.57,,,
4481,,7.4,,,
4482,22.14,,,,
4483,,,9.68,,
4484,50.16,,,,
4485,,,9.73,,
4486,49.81,,,,
4487,,,,3393.86,
4488,,,,,5.43
4489,,10.29,,,
4490,,,9.19,,
4491,,6.72,,,
4492,47.27,,,,
4493,,8.49,,,
4494,,,9.31,,
4495,,,,,4.85
4496,,,,3308.32,
4497,,,,,5.92
4498,,,,3893.01,
4499,66.8,,,,
4500,,26.06,,,
4501,,26.75,,,
4502,68.79,,,,
4503,,,10.02,,
4504,,,,,9.04
4505,,,10.4,,
4506,59.46,,,,
4507,,,10.67,,
4508,,19.99,,,
4509,,,,3585.41,
4510,,,9.82,,
4511,,,,,5.28
4512,,,9.51,,
4513,,,,,5.19
4514,,36.26,,,
4515,,,8.87,,
4516,65.25,,,,
4517,,,,,5.21
4518,,,,,6.03
4519,,,,2307.36,
4520,,32.73,,,
4521,,,9.4,,
4522,,,,,11.36
4523,,,,,10.37
4524,76.43,,,,
4525,,,,,8.28
4526,,46.45,,,
4527,,42.36,,,
4528,,,9.34,,
4529,,36.61,,,
4530,,,,2631.74,
4531,,,,,5.76
4532,,,,2745.43,
4533,75.9,,,,
4534,71.29,,,,
4535,,,,,5.44
4536,,,,,6.95
4537,,,,,5.25
4538,40.77,,,,
4539,,,9.27,,
4540,37.89,,,,
4541,,,,3080.88,
4542,,,,,5.9
4543,40.7,,,,
4544,,,10.08,,
4545,,,,2617.92,
4546,,,,,13.76
4547,,,,2397.65,
4548,,19.32,,,
4549,37.58,,,,
4550,34.02,,,,
4551,,,9.86,,
4552,,,,2720.75,
4553,,,,,5.59
4554,,15.73,,,
4555,51.22,,,,
4556,61.27,,,,
4557,,36.81,,,
4558,71.77,,,,
4559,,,,,5.26
4560,57.54,,,,
4561,49.98,26.96,9.49,2695.46,6.34
4562,,25.25,,,
4563,,,,2515.6,
4564,,16.11,,,
4565,,,,2249.77,
4566,,,9.0,,
4567,,,,,7.71
4568,,,,2297.41,
4569,,,,,12.65
4570,28.66,,,,
4571,,,,,15.92
4572,20.17,,,,
4573,,,,,10.02
4574,,,,2552.36,
4575,,,8.98,,
4576,,,8.69,,
4577,12.71,,,,
4578,,,8.87,,
4579,,,,,11.79
4580,,,,2027.89,
4581,,,,,12.03
4582,,,,,11.93
4583,,,9.01,,
4584,17.57,,,,
4585,,,8.92,,
4586,10.41,,,,
4587,13.41,,,,
4588,22.31,,,,
4589,,,8.9,,
4590,21.87,,,,
4591,,7.5,,,
4592,,,8.92,,
4593,,,8.87,,
4594,19.27,,,,
4595,,,9.35,,
4596,19.67,,,,
4597,,,,,6.73
4598,,,,,7.51
4599,,15.14,,,
4600,,,,,8.21
4601,14.68,,,,
4602,,,8.61,,
4603,,,,2220.34,
4604,,,8.6,,
4605,6.2,,,,
4606,5.25,,,,
4607,,3.34,,,
4608,,,,1903.34,
4609,,2.97,,,
4610,,2.92,,,
4611,9.81,,,,
4612,,,8.67,,
4613,,2.12,,,
4614,,,8.69,,
4615,8.09,,,,
4616,6.54,,,,
4617,,,,,8.71
4618,,,,2101.1,
4619,,,9.15,,
4620,28.86,,,,
4621,,,,2901.33,
4622,,15.93,,,
4623,,17.4,,,
4624,,,,,5.41
4625,,,9.81,,
4626,,,,,5.41
4627,,,9.35,,
4628,,,,2475.27,
4629,,17.89,,,
4630,38.37,,,,
4631,,,8.92,,
4632,,20.51,,,
4633,30.33,,,,
4634,,,,,5.53
4635,,,9.32,,
4636,34.59,,,,
4637,,,,,6.73
4638,65.79,,,,
4639,,,,,7.39
4640,80.89,,,,
4641,,,10.19,,
4642,,44.91,,,
4643,,53.15,,,
4644,,59.72,,,
4645,91.35,,,,
4646,,,,3600.39,
4647,,,,3154.81,
4648,47.45,,,,
4649,,,,,15.18
4650,,,,,15.2
4651,77.73,,,,
4652,,15.03,,,
4653,,,8.96,,
4654,76.54,,,,
4655,,,,3941.9,
4656,54.02,,,,
4657,,,7.63,,
4658,,,,,15.15
4659,,,8.18,,
4660,,,,4488.55,
4661,,,,,15.82
4662,,,,,19.3
4663,,,,,18.45
4664,,,8.85,,
4665,,,8.3,,
4666,,,,,15.72
4667,85.41,,,,
4668,,,,3224.54,
4669,,,,,15.77
4670,104.74,,,,
4671,,29.99,,,
4672,,,,3429.42,
4673,,29.96,,,
4674,,,7.96,,
4675,,,7.62,,
4676,,,,,15.2
4677,,,7.6,,
4678,,,8.01,,
4679,,18.68,,,
4680,90.2,,,,
4681,,,,3664.85,
4682,,31.1,,,
4683,,,,,17.25
4684,107.41,,,,
4685,,30.2,,,
4686,,26.8,,,
4687,68.45,,,,
4688,,,,,16.94
4689,,,,3705.16,
4690,,,,,15.69
4691,,30.39,,,
4692,,,,,15.4
4693,86.33,,,,
4694,,,,,15.77
4695,83.98,,,,
4696,,,,2692.82,
4697,,,,2667.16,
4698,,24.19,,,
4699,,,,,15.66
4700,,23.76,,,
4701,,25.17,,,
4702,,,,,15.7
4703,,18.46,,,
4704,,,,,16.33
4705,,,9.41,,
4706,87.94,,,,
4707,,,,,19.88
4708,,,,2199.7,
4709,,,,2252.8,
4710,,,8.62,,
4711,,28.13,,,
4712,,34.8,,,
4713,,35.39,,,
4714,,,,2760.48,
4715,,,,,14.98
4716,,,7.01,,
4717,,34.54,,,
4718,,,7.63,,
4719,,24.94,,,
4720,,28.03,,,
