,YEAR,MIL,FCON,COND,OUTPUT
0,2014,32761,9.41413095943381,75,832527.4374557
1,2022,12591,9.037609379851652,68,1286958.839756402
2,2020,23300,7.954066813863967,52,1027923.2978732286
3,2017,21919,8.320421855775312,69,888414.281649058
4,2006,25489,9.137465550038929,85,822038.6606874041
5,2018,188250,6.855213466496931,81,475298.29580656136
6,2011,78560,10.862295786701036,88,727041.9062677948
7,2021,100682,7.756306373742894,89,666838.2833231434
8,1992,19061,11.904949750825548,69,664625.8126673185
9,2021,59206,8.003829918340758,58,721434.2104393418
10,2018,39651,13.75975634799289,69,723986.568188524
11,2002,12959,7.137419149656797,83,966378.3023216047
12,2015,35441,5.997560298628537,57,623190.6412283522
13,2019,33383,9.701152070674725,76,1018369.1262067751
14,2017,23434,11.596680836795787,74,934317.350322886
15,2015,13923,12.070334185690164,98,1323107.6496370647
16,2007,54842,9.193918750800124,86,678455.6386785756
17,2000,63070,9.608904240917735,50,443499.6108547464
18,2019,7531,4.180106579096172,87,1508667.5756651089
19,2021,60190,9.72414444642105,85,929487.0352870555
20,2012,64871,9.912623274818358,68,622321.1783306483
21,2010,102053,8.250412227872145,63,395154.6558014722
22,2019,90142,8.52937546109036,78,838927.2789031751
23,2015,25027,9.848505733313107,94,1009990.7435163051
24,2006,24947,9.155195806881876,85,970311.9205888532
25,2010,50367,6.99622570192202,76,531380.067492762
26,2004,23433,15.290593886605487,39,787464.0249264628
27,2014,87489,17.197082362079627,82,833031.414569559
28,2012,24363,9.624416141840175,74,981277.9715632653
29,2007,104700,8.845159442461728,73,438592.0738842469
30,2017,94864,9.620083697766916,79,685742.7762148413
31,2015,63833,11.081860823688102,63,596658.1346163179
32,2015,34056,9.530064697481187,91,1008466.4869406879
33,2011,44122,7.873044417611684,69,758655.4084603421
34,2015,102438,9.458730564809056,38,406387.5032735924
35,2016,41514,7.366683151090811,66,758458.1720851017
36,2015,31293,10.206856994799368,79,794370.1022005357
37,2018,39863,6.787174090980441,68,659817.0811245913
38,2010,19876,9.713043954251978,69,791791.5746035031
39,2016,141524,8.02363669785003,69,445748.7631656963
40,2018,40364,8.184356342302536,75,831661.5179008767
41,2009,75836,8.485002338874766,65,556082.0748640243
42,2002,86005,4.827706719409738,73,532178.1515609736
43,2007,50643,13.167412684320519,94,705837.2476322534
44,2005,60980,9.968965149635583,66,554265.7636391257
45,2013,69150,21.835798850430884,85,833417.2316695196
46,2014,31011,7.272016320301511,57,717290.3353460219
47,2007,17725,7.303797511630107,68,791913.226956636
48,2019,32067,9.490540314391257,69,925303.8986206339
49,2022,24888,18.446306507560685,68,1403876.0814882955
50,2018,65681,7.4769812793048445,69,623161.3737995245
51,2013,40767,9.075446730417859,71,833923.661439754
52,2013,81863,6.69285778017859,68,544398.1870339843
53,2021,92132,6.054051226519872,82,813705.7438220246
54,2016,29512,7.810580315577457,78,834362.9960158163
55,2003,53367,7.131368748130608,73,610081.1875301279
56,2019,39404,10.787576670098662,70,884169.0900033907
57,2020,44165,8.958483473659133,86,1131462.1129866608
58,2015,53257,11.91590508628041,75,656920.3591279996
59,2015,15266,7.363446959491144,81,1090063.869979663
60,2007,67086,6.746569167794798,68,484944.3325740499
61,2014,71860,5.285488478162392,66,543970.9496886161
62,2009,144086,10.165123411591727,83,462263.0380349588
63,2015,104752,12.726636571660816,81,519832.5972956559
64,2009,56814,16.034443059849384,60,571318.2177098872
65,2012,15463,12.543440778722259,78,935927.688535285
66,2011,45071,6.789843192323129,79,727540.1929891558
67,2019,23152,8.55534059091598,59,1028876.456549733
68,2017,85319,10.54310952532429,30,541126.1478908295
69,2014,79423,5.274641897266919,67,545092.2401620012
70,2019,53810,18.882942221418972,55,788331.0378125145
71,2019,121406,11.280664665655856,70,519825.3540196017
72,2020,54762,9.028493702715014,73,839065.8960631787
73,2017,129490,12.047740864265988,94,567896.6890679374
74,2014,51918,8.552254986906423,53,588742.7886897082
75,2005,26910,12.783580949978655,83,786480.9346230217
76,2015,34315,11.324460363682435,83,882647.9843174921
77,2017,73540,11.307199212316238,89,726816.2112843745
78,2016,28184,10.29178669399374,64,724251.2838391066
79,2001,24025,11.746771308257536,76,832236.3563121979
80,2014,72017,7.785251273292822,90,762680.6217605423
81,2008,35286,8.490574610967208,57,634433.0379370998
82,2008,9387,8.920238026829269,87,1259079.4797641742
83,2019,41344,7.838409213545193,82,1130842.7348853482
84,2021,81246,9.424863813113886,76,837366.4988780748
85,2002,14430,6.803047646971257,59,650997.2312400821
86,2006,71617,8.04710937879986,74,610600.8487986429
87,2009,41640,9.72805259040235,53,635218.7554245559
88,2013,41843,9.61057357657837,80,835001.138413114
89,2020,69472,13.285069188141485,74,799848.8876128603
90,2014,53060,15.984863820014882,79,747795.6429108157
91,2012,14116,7.962714264944297,69,891550.2365837978
92,2010,60341,8.223125688366435,54,522335.1850771658
93,2016,33403,6.8551725378915584,56,623648.1697816824
94,2019,70383,8.57022868073441,64,763404.109343618
95,2016,52381,10.19180323940026,80,655750.8547732988
96,2015,54545,8.516932050452645,60,589073.347071141
97,2018,76399,7.105222213781943,64,623032.7631624206
98,2010,79033,6.175535080263991,60,455645.8228807351
99,2019,50596,16.678151363968176,84,1016431.5711915115
100,2018,34508,9.046758014571477,76,833258.9687496786
101,2001,83251,10.951695727200072,68,531330.0328947671
102,2013,90279,9.116261271092792,69,623996.0880989854
103,2011,84438,7.55495442252616,81,762463.8054425861
104,2015,22395,13.648921299533146,86,1040460.3163464495
105,2000,42806,8.887530678699315,57,554358.4621124176
106,2013,24090,13.58293808510773,88,1038776.2631132079
107,2015,29822,13.393922007783454,69,722431.23574476
108,2012,83428,9.366679500193502,69,622959.4967100351
109,2011,45723,5.972937634031798,75,727865.4945127682
110,2006,73500,8.775014773108444,50,506725.6956526353
111,2016,29888,9.594671921074543,68,759251.999359065
112,2004,48378,18.138173380297456,72,809341.9661868047
113,2016,90740,7.391256887574821,67,623310.8974366332
114,2020,132066,12.544889346661979,55,492511.93131037697
115,2021,133553,7.900689904144965,65,544867.8987987398
116,2014,15806,8.728083960055859,63,891725.5061080481
117,2018,15451,11.160787672717147,79,936152.9994132852
118,2020,38517,9.656141812170699,72,1017853.1144920337
119,2012,34706,9.859970884562768,73,833911.364438236
120,2005,17995,8.287525351795475,68,790059.4257988387
121,2019,10389,6.937802781601659,32,863968.6544798936
122,2021,89511,10.316156395011298,62,728180.0471840376
123,2012,53879,9.853895425371567,93,832898.1080642442
124,2019,122354,5.30290356776076,71,522224.0960050629
125,2016,38502,5.972558042609762,71,726882.8291319808
126,2021,105083,14.1032303048419,62,520933.3999025624
127,2020,34866,8.8216440496107,78,1017294.3249138329
128,2020,57901,11.489607498981815,68,729034.5370180493
129,2010,25559,9.822050661348172,77,740268.0808177884
130,2017,79411,17.241100125788485,90,831844.936453509
131,2004,22143,16.244999518723738,77,949780.3552492817
132,2003,14230,7.942658451097667,75,871044.9845691486
133,2021,69809,11.605378353624964,76,800914.9652018566
134,2012,84372,8.691180931742782,62,622268.4821612437
135,2007,50335,9.667674016075647,62,553500.9871725168
136,2021,18078,11.262893949690737,64,1039876.5088565006
137,2012,89595,7.431326688018602,92,829791.1562203682
138,2004,81834,9.288519322745369,81,676730.3225122431
139,2020,92984,7.29037475544404,68,762329.0673481405
140,2022,22129,10.31695355486322,62,1228772.5101797932
141,2013,127339,9.7728877637946,99,791748.8286765602
142,2018,35492,12.974452932494438,93,961835.0257896562
143,2013,9218,11.260693243998173,70,1105863.4180463387
144,2017,113749,14.196736547128674,83,519960.69130180485
145,2013,83764,8.360919802156513,64,620875.3657027534
146,2020,39259,13.010803387147593,94,1179073.1562132095
147,2014,57509,6.021511882411411,73,598863.1776507208
148,2014,87110,9.6638534054184,90,761259.9021706176
149,2018,10810,10.766634703422373,78,936195.5247883851
150,2018,92551,5.335336748175973,59,514527.45579223253
151,2012,38577,7.708283714976421,80,832470.0057414552
152,2012,190976,8.4809438947301,60,420810.26454196416
153,2016,68452,9.574004391616366,60,588769.5609492367
154,2019,48574,10.756074746451365,78,972623.2090296053
155,2021,82433,9.751340921653327,78,837050.4957249722
156,2012,9704,6.499805103623235,77,1110707.1369432427
157,2016,46089,14.997089092219696,62,722552.5659818673
158,2005,85568,8.926813686491425,68,556576.666791286
159,2013,31903,6.4940502460887615,71,728816.2493160439
160,2021,55568,8.216842209361767,65,761309.6908784305
161,2017,81831,6.136213963337543,88,667046.0932099613
162,2011,58687,10.023253443642659,73,657380.1822092033
163,2006,52336,12.95102695795575,69,528694.208048801
164,2018,92273,9.03807966776478,77,684547.3293679333
165,2020,37361,8.887741596625261,92,1232201.6865695284
166,2010,67793,11.614345080299994,67,529773.6467739231
167,2007,31151,6.366606742554314,96,912302.7130720029
168,2008,53572,8.256617358847638,73,611404.938161807
169,2018,97890,7.8233243735435725,68,624381.9270463663
170,2018,23895,13.143861076090882,65,852236.3706742998
171,2020,22937,14.613250447100217,74,1145854.8191974147
172,2014,52544,7.594887228119122,77,687260.1565745738
173,2017,45877,7.405106843772457,75,834354.9674798799
174,2015,38183,10.374855764033061,92,962716.8227846392
175,1999,87739,12.257283244149345,46,421399.64926995203
176,2020,61517,10.47402911134779,60,687219.8632480532
177,2008,14787,11.426239321853537,53,715417.3312232587
178,2006,50857,16.344774664105877,71,665884.9813272019
179,2006,56527,7.319191203683422,53,522231.61141770997
180,2015,56268,13.947198823435732,78,655713.9468774342
181,2018,88983,10.698072795817898,66,596042.22316383
182,2008,81830,9.59891155597603,82,678057.2118145459
183,2018,19976,8.066108670297877,54,841761.006321652
184,2017,120232,8.00621008593534,96,694321.2224712917
185,2018,161114,8.852878043814002,85,545440.7025338316
186,2015,90615,6.04116215415532,54,514249.6176180931
187,2017,48619,10.034518202740946,72,794379.19026904
188,2019,59451,8.367857926963714,57,721376.0756698995
189,2018,71339,8.6649169109029,45,569451.1579300388
190,2018,104356,8.69188112519781,86,543042.3302516576
191,2016,27284,8.810230938797933,80,832902.1480671129
192,2017,66619,5.7274329870148195,84,663871.6232132358
193,2015,94069,12.693094498777587,56,563623.2944308802
194,2015,78420,17.09710102424018,78,748655.0003845425
195,2011,48949,8.334736234835841,87,925919.4862481094
196,2013,41834,12.173876277408388,64,723372.875848893
197,2015,18332,10.837714340755557,69,850764.6717850463
198,2010,25180,10.294902294582558,73,707343.4477235391
199,2017,21896,9.359382512027857,76,978099.8352594313
200,2019,22283,10.041285966824201,70,1039940.2959196725
201,2012,43785,8.746365007762495,68,757242.7835209391
202,2005,63007,10.943125358909473,91,707283.2409216494
203,2013,31141,8.81972576885105,83,926121.5506027375
204,2009,42339,10.477628209590854,80,706317.3632522358
205,2010,68400,9.832480407690383,82,677373.6103166054
206,2019,25367,12.6845361017562,67,885072.6849192749
207,2018,62380,14.49999984969276,92,793491.4269311572
208,2000,86561,11.836195490519085,93,616830.8005748894
209,2020,24943,10.685527280178016,86,1270872.6310854978
210,2021,89759,10.838442916028686,79,799474.7402997153
211,2013,95749,11.65770427005602,77,654963.8392283614
212,2012,95888,9.581783194655898,78,686771.2869841183
213,2018,45267,7.324375592379243,64,758295.6161569429
214,2010,4730,9.200741314285874,58,972349.5531292995
215,2019,77965,7.959007639066256,76,837376.4684845124
216,2019,79205,8.04708995378852,86,931803.0888070026
217,2008,94837,8.274099257403712,78,607907.6919685049
218,2014,32145,6.0128045047108305,71,728680.3881173452
219,2019,57386,10.907529225892631,69,725742.6782355815
220,2005,60131,5.422787320548342,65,483433.4446887219
221,2012,59784,12.641054253902007,74,654363.8704824009
222,2009,72804,11.148334161156143,68,529464.7869264705
223,2017,43274,7.6211316659571295,74,832410.4866296473
224,2017,40976,7.109924807066105,77,833215.062574124
225,2011,25485,10.65977719580861,57,683282.5444427397
226,2019,25626,10.662234571486817,72,971378.5724027517
227,2017,32988,5.993116022151229,91,881292.8075472064
228,2018,66758,16.7307070479264,86,831009.3731843133
229,2016,94718,14.334938375628282,87,727065.2831513399
230,2016,36689,8.184043024486417,73,831188.370794164
231,2017,28628,10.251565022498614,61,724485.4193176432
232,2015,17274,8.354371678909647,68,890807.7500762435
233,2016,31619,14.845395782367934,70,722760.6926146849
234,2018,78296,7.842602970553371,72,686404.6400807792
235,2007,87142,12.75346859172763,79,583504.8233224142
236,2019,86312,9.258760621535423,91,1017700.4469683327
237,2015,53177,11.497775019648056,74,655352.1049339436
238,2010,43546,9.03133665647746,83,821111.0583101368
239,2010,91695,7.606019387687041,78,610874.6843490368
240,2016,77419,9.386987196455307,79,683711.7471422692
241,2013,28646,5.146439027131901,54,624806.8857610434
242,2016,39749,8.97980947512616,83,925734.4247304145
243,2019,101778,8.468531727033177,82,667084.996948172
244,2013,91186,8.851515005687121,58,591121.2041372062
245,2017,51745,5.67498831103584,68,542050.483185899
246,2021,5037,8.11449936203131,75,1557473.6220046317
247,2011,51715,6.834149737101379,84,663123.2256536263
248,2020,62495,18.987704481532255,80,914183.210415838
249,2004,45479,19.836733695745004,34,669271.8271117093
250,2012,12837,8.878321781876394,72,981716.417458665
251,2016,118071,13.440169989000017,82,519253.65550692467
252,2011,10680,6.270824399687957,76,854252.168553164
253,2019,9197,7.686142678935841,76,1556890.7661121846
254,2013,48092,7.469036845475667,76,831703.2928805
255,2012,70879,14.467379752112398,91,793720.5056884428
256,2008,43381,6.132406944892503,77,646567.3796833132
257,2015,42512,9.500970165123448,85,922449.0590738516
258,2012,110584,12.570735980384928,84,519130.99692694115
259,2021,19336,9.088608647708227,75,1197204.960091177
260,1990,104218,7.21365519612137,72,380136.7753095142
261,2020,45856,10.327065465399691,69,884549.1640785105
262,2018,37662,7.984214899080978,72,833333.6927172049
263,2017,15103,6.480060904060142,68,776837.0161208332
264,2003,146364,6.688976489901547,80,382890.30633794673
265,2010,22417,10.509433990507262,86,924699.1843540191
266,2014,84543,6.579041197077941,96,845509.4827709076
267,2014,47119,7.096848800678032,48,690602.264442699
268,2012,60459,9.984295637382282,85,762428.519636768
269,2014,69535,13.083122984815539,82,728091.1554846105
270,2011,41899,11.41813394454342,80,793997.1979321368
271,2011,123204,10.208012791488624,96,660706.2132771416
272,1999,73675,16.248875159518867,82,648112.1813014714
273,2019,20826,10.395847215240405,72,1142482.6124725095
274,2016,21907,10.60193367928975,63,849858.1930048501
275,2012,36735,12.082210804129968,51,683312.9224710118
276,2020,19178,10.401953142105125,71,1143899.3325194665
277,2016,35132,7.95756085611583,71,834396.6962477181
278,2009,79615,17.245746953791556,62,606032.2597005813
279,2017,38044,9.558364066036887,61,757334.0984321048
280,2004,60255,12.597051417382634,83,646898.1103654159
281,2018,112246,16.21154335134119,86,593306.0757843046
282,1999,31161,11.417448149342036,83,688380.8611966931
283,2012,32708,10.652200997673319,62,721992.6195791912
284,2019,112920,19.673101826970857,66,596979.5149995452
285,2020,42095,9.688590393272944,84,1129427.7646586115
286,2006,46446,10.823454895628483,80,707378.749236792
287,2002,62661,11.462995920027826,67,529604.1087140129
288,1996,47072,9.113198278768115,87,719959.9165372906
289,2019,60395,10.801692266020996,95,969882.7726224094
290,2015,47693,6.708657025391668,70,662290.421963831
291,2009,31869,11.135607372457649,76,705719.4927583415
292,2019,74978,6.387276701091003,64,667056.5765220242
293,2020,52292,11.261420569445857,82,889979.6248244424
294,2008,55205,13.142348684161739,84,644873.8125551743
295,2017,76655,8.601922854086125,55,590576.4758830913
296,2014,26567,8.716883466868325,86,925656.1214062806
297,2012,20073,15.35490170223679,79,1069790.938735957
298,2018,19495,9.495842042467928,70,890410.8468810887
299,2005,115703,8.498669640739283,46,361425.597033501
300,2007,128593,18.5814140972713,76,473289.4042586898
301,2015,22442,13.55900677692412,86,1040234.0579818207
302,2009,18954,8.55538080841272,79,871215.6782727591
303,2013,70354,19.72315346758989,82,832097.0525217722
304,2018,9145,9.60249038190074,79,1274594.3612726287
305,2020,67637,9.792623071759149,74,839249.2273881225
306,2019,12807,11.471565880744265,71,1141167.713734605
307,2007,83023,7.16568851150528,76,610074.202790445
308,2010,31734,10.320472869296701,93,857247.6104296097
309,2015,101919,6.319886818996849,78,428490.48983619275
310,2021,114409,10.841579968315727,84,635528.2765328294
311,2014,48213,8.377042399050996,47,689402.6219534271
312,2017,27520,9.468048544516412,68,759984.2401069081
313,2018,12950,6.624933671741664,83,951354.2984666545
314,2021,36673,10.6634430888159,65,883049.3155993916
315,2019,95156,10.532290657164463,73,800430.4940595332
316,2015,37273,6.500513273459955,78,726517.0101115773
317,2021,72812,11.285048316904785,64,726074.9365789286
318,2020,46612,8.657676364586111,71,1017225.238459607
319,2013,134095,18.95738181760522,63,487505.04570196883
320,2019,68110,11.674101757523081,58,687453.3482779837
321,2018,25347,8.12806344435009,64,758322.976638388
322,2020,38252,13.33155949325526,72,971698.7028122314
323,2018,30217,10.64534234250377,85,883445.7725818106
324,2018,46990,10.850080629888623,70,724821.2360928424
325,2018,18879,9.599817423426298,73,978494.6825386562
326,2022,12805,9.601025060138886,98,2003128.4929755507
327,2009,34835,14.912285822548082,76,709206.6640686108
328,2013,13525,6.462372635302206,71,855164.2325693838
329,2018,35441,5.791489804579689,64,662668.1863088409
330,2022,55008,7.788439568827425,77,992980.7569477697
331,2015,14760,8.153850088460999,58,842128.3516943052
332,2018,74512,10.733956696273923,62,595576.661222452
333,2023,143817,13.532622982449265,76,674061.6764522062
334,2008,13117,13.521067039519131,86,924444.9247725484
335,2019,90399,11.844674406959083,86,888682.1412426403
336,2015,66145,10.975498246716214,75,654635.247730083
337,2019,39605,5.606338206831621,83,987767.3163172782
338,2018,31886,8.76481361269866,36,689369.3321873519
339,2019,3647,5.655557143181491,67,1234001.3854698606
340,2013,43176,16.241488023936697,77,907604.7154571158
341,2014,49157,13.12953610762673,70,723850.6230640106
342,2019,50330,14.86326084876193,44,662640.2092565013
343,2006,47622,8.588238686888293,78,741253.0873088172
344,2016,124891,9.773265408232227,86,543852.2866208821
345,2003,9348,10.455546887546161,76,1082247.2055795495
346,2011,93102,9.891742174307112,64,623514.594586727
347,2013,51308,7.029365475113245,68,625093.8062677098
348,2020,13529,10.316607618049657,74,1143086.5995552493
349,2014,66484,19.148191858099842,54,643427.2032415672
350,2019,114457,7.723944254271327,74,596445.4153086796
351,2021,55124,8.91523358138586,85,929794.7952408816
352,2017,25443,8.037276748086061,65,756715.9341805705
353,2016,79542,16.201500036454767,74,751430.2336080001
354,2014,38692,12.523186608968578,77,795717.1929430428
355,2015,32110,11.887249381733788,85,881685.5952868959
356,2012,29705,9.077239809926642,68,756149.3029409753
357,2018,113857,7.343801271898675,80,490164.2060673725
358,2000,21338,8.975105202415946,70,694391.4880541051
359,2007,142765,8.343998768602152,70,396010.80791957094
360,2019,18693,18.015089993248615,75,1307431.6183542444
361,2015,59089,8.871574660857114,87,763269.6857625513
362,2014,28224,15.160761281323616,63,826872.4210624
363,2008,40704,9.370213556820508,76,739090.0058568675
364,2015,42947,8.396219798868891,63,756369.2350298241
365,2018,53632,7.021109491135038,69,623156.9416075959
366,2015,35564,6.73923071303947,68,660616.7798102124
367,2019,55784,12.376492986598214,65,727004.4151252845
368,2019,74265,11.994302866155909,64,728868.516527569
369,2016,94467,9.812967951695555,76,687643.6365696202
370,2017,77125,5.215130276967521,79,599276.4000802666
371,2006,77248,10.734441500389366,72,580001.8494828931
372,1998,15372,6.205344362480912,72,667214.3020765659
373,2016,65732,7.53303166405237,69,621500.8181844917
374,2017,114180,7.587666935089411,61,446690.806660294
375,1996,102644,15.855201744531373,81,462298.6430347677
376,2007,82856,7.8762258241918115,75,609659.9069987958
377,2011,21217,7.827575069419865,74,981862.4178522109
378,2004,34001,11.045524523641284,38,586480.3567023335
379,2019,72287,17.478221699433558,80,914541.0555130091
380,2010,126673,12.613718554396119,83,461005.3977260743
381,2018,58165,6.968087406169964,83,665524.7870017459
382,2002,34728,11.7740133867018,100,1139860.5450964787
383,2019,26146,13.386296165222635,47,805759.5268338999
384,2017,42078,11.050195902263551,75,796674.5144897809
385,2008,90727,15.222435147790456,85,738266.7019857861
386,2015,137711,9.792557879471385,72,488810.45865847706
387,2005,74281,5.509879349396302,64,484547.2579636058
388,2016,67289,11.758953675029979,71,653273.2351256622
389,2008,33311,6.978621293456575,72,644448.6619952568
390,2012,45118,8.628628633584082,74,831502.9612398202
391,2012,36407,16.312578183064666,74,908610.3607989189
392,2009,142875,7.4596996717423725,80,436168.8892391317
393,2001,103253,6.446882558377251,66,346552.1102860482
394,2014,101231,8.15192765401227,81,543988.9290880514
395,2002,87960,8.651050149969894,63,555315.3658436326
396,2011,59550,11.781894610940991,80,653033.1151959861
397,2013,43894,8.219337125546847,85,925206.1558499951
398,2018,75637,8.595365854593219,69,625565.4866793879
399,2009,80775,6.425108069375088,83,590228.9885198505
400,2012,25976,7.20381549379588,52,716992.5294694658
401,2011,113150,12.149687161081772,96,663374.8905864694
402,2013,33473,9.721365737138811,96,1177108.2391658088
403,2017,24583,12.176143548025514,98,1322015.0683868884
404,2019,77457,9.553347915345054,93,1018236.7258385614
405,2005,39789,14.197172452189,65,643135.2221291064
406,2007,27925,8.325955665262118,66,673739.4657187501
407,2012,42794,6.7895477979001395,48,603089.5861180715
408,2009,22984,9.156730221999219,60,749130.5033710598
409,2008,78047,6.700826892356309,45,439710.74205120286
410,2016,24575,10.074974636560562,82,1040482.8412089869
411,2014,167768,9.74624343030322,91,596561.6770195591
412,2018,7405,12.074726613920326,76,1214287.6452934765
413,2016,13812,10.829543429401468,85,1039838.731775354
414,2005,72720,6.927564788075552,74,532815.6300796304
415,2012,77490,9.24258415828324,86,762315.366136743
416,2014,87782,9.437211535436969,88,761252.3001732194
417,2018,50100,16.620738331890976,96,1058578.2502526778
418,2019,54783,9.263811095552178,72,838447.8550982678
419,2015,70787,9.234076795319737,65,624727.2644243161
420,2016,62163,10.209697568991407,74,654177.8417525996
421,2012,84486,9.506266155625948,67,623369.7518099465
422,2020,44671,9.14564918404141,51,875058.1899580893
423,2017,70194,8.796282402332038,80,685688.735011236
424,2010,0,7.067198384529797,66,1029269.022439076
425,2015,69444,9.573644257543215,68,624468.670445135
426,2021,51137,8.904882507784244,77,835928.1782921543
427,2010,55591,6.286248247274655,59,455232.1164911603
428,2018,59438,6.660924876994894,81,665109.916335784
429,2015,91243,11.679312637198242,82,726123.3808424092
430,2016,43117,12.9478640764721,69,721941.9075270823
431,2009,38394,7.632461806221105,60,636041.207950265
432,2016,70321,6.490460911254184,74,600910.5634817496
433,2020,10515,21.89075610628444,66,1187777.901100494
434,2008,16917,8.147484644574151,81,967624.5618932403
435,2019,81719,10.453142459278117,38,662900.8726566274
436,2012,71202,11.87238485060654,71,654678.7873597256
437,2006,119699,12.045467933057546,73,414413.523250027
438,2021,17031,16.318348326158247,89,1452634.028019014
439,2013,72317,14.342093823329131,95,792504.5255283407
440,2019,36405,11.832801100192723,65,883004.3067616075
441,2005,13914,14.06785015046622,64,755260.2222924365
442,2015,41312,9.656366154223464,79,834662.4452775447
443,2013,86361,12.62544940719139,56,561714.2257671457
444,2019,14732,7.317647492761392,70,1087492.084590059
445,2005,27977,8.028991739358869,89,822949.9995811683
446,2015,47156,5.970936757982916,72,728617.9817628445
447,2012,29109,9.787323557618299,86,927609.4814808617
448,2020,9612,14.291197514428122,43,1230579.242472257
449,2005,85798,7.9296345097195795,87,679983.4944206226
450,2011,37443,17.633936036317493,85,1010652.9840126109
451,2005,52541,6.88707587564169,75,533143.174110045
452,2018,123925,6.824277565384542,61,391208.24932897853
453,2012,82351,9.162448350291776,72,686134.7803567586
454,2012,120190,10.134624200314377,90,519812.72832922044
455,2013,50385,6.203393766172583,97,849124.9391417828
456,2011,34513,11.723029541768843,78,796321.4648271129
457,2005,77214,8.327898929644894,70,555255.1264139418
458,2017,79092,6.198706524809284,59,514278.3643213314
459,2014,47382,13.046565745249662,83,884242.550448749
460,2013,45637,11.912176261878521,70,722743.5450093129
461,2021,109120,5.765993502720697,67,474146.804457542
462,2009,21276,10.926402431123993,59,711668.7028202786
463,2008,34198,9.75777743740717,83,823566.0172897219
464,2011,47639,6.727191157738502,63,660841.1118910286
465,2020,117583,18.52138977114776,78,652337.8465186306
466,2016,61061,6.830176892426803,86,665056.1765042207
467,1998,44809,14.628923603172646,63,562086.6016261412
468,2013,22043,5.711383893164851,52,733875.1437235686
469,2020,27493,5.301230983715006,66,807507.1402992142
470,2004,43970,14.945107264443395,76,705944.1408485901
471,2022,139949,7.492817585344156,81,788244.5634629983
472,2018,25252,12.575220233470002,73,795102.1440710681
473,2016,38774,7.765828945687982,88,925770.7547834654
474,2008,135292,8.181375687330183,76,434914.7832860198
475,2022,63957,9.605534855856448,83,1099270.6276488868
476,2012,96072,7.719100220403345,72,686979.0111256934
477,2007,106248,6.428599344400219,69,345581.8242610233
478,2019,28938,10.781555006667396,99,1571577.1251344245
479,2020,78372,11.761494814369959,65,727807.7543535801
480,2017,59550,8.418022165924203,73,687518.8181557144
481,2003,14198,8.910347789898383,50,721476.9102412093
482,2010,88381,6.796860913503792,76,531270.7675173183
483,2018,161915,8.668944492144947,84,546093.5592982285
484,2020,56487,9.192661808715936,50,695607.1933690816
485,2014,15242,6.385722933605985,80,854901.0206796884
486,2021,76935,7.491066194853256,92,1015088.6956396505
487,2014,45221,12.20661065122531,55,681761.705188327
488,2018,64996,9.28648292209617,84,763078.0974562587
489,2018,51092,13.633759317686037,71,655788.0165753121
490,2021,95973,8.166816567245593,96,1185132.0132472487
491,2019,50568,6.20326630082264,83,815178.5904558642
492,2017,78176,10.962342249099414,75,655892.1367737796
493,2008,75102,13.423787528211175,70,526582.3127334259
494,2010,31026,5.99356935582957,85,717105.2632223206
495,2020,16502,9.752895123457165,82,1330602.6443985766
496,2011,19072,11.147166375166506,45,774649.4204231256
497,2017,71968,15.725926439144391,67,681925.0927091157
498,2022,77566,12.747862022418355,64,858204.898102469
499,2014,78892,8.961206246589917,73,685006.9791047005
500,2019,147523,10.401482846242232,75,572528.7929656896
501,2013,82986,13.003674073858209,76,655031.122076728
502,2018,137633,6.095194744166293,90,476958.0218227445
503,2014,80914,8.532387464058825,96,971343.1707754639
504,2012,61207,8.003708738484486,89,763690.2579195577
505,2017,74162,6.154008486182395,71,599508.4682931814
506,2018,109226,8.558384049296144,87,544286.7137579726
507,2008,54578,8.21518253781611,82,678976.4590883441
508,2014,72113,7.406858022389408,69,624562.734273358
509,2018,57921,11.656865212136555,80,654570.1073575143
510,2017,22074,7.537279206549114,46,810006.8440096207
511,2019,111039,7.176319729911452,81,666751.6856760706
512,2016,52322,8.65794094661053,74,684747.9601803896
513,2011,74473,4.942370572589542,75,597885.1249841375
514,2021,19475,8.3237094421277,64,1090198.8168757854
515,2010,31319,12.18880137631682,78,707261.2404605747
516,2020,92599,12.493756533369721,68,727528.5495748053
517,2018,16791,6.884781325709367,84,952315.1082374892
518,2011,34377,14.151615028880558,74,797907.5597166145
519,2019,89425,12.892708378691294,67,726112.4687918132
520,2017,70859,17.835290565527952,74,748507.9029564078
521,2011,69678,6.527506870058971,84,665187.1262989398
522,2015,37943,9.978606360804912,79,834399.780841928
523,2013,38004,21.35238058819386,70,824421.8037419966
524,2013,98470,13.016442690372603,79,656919.202728057
525,2011,57142,9.826376045922501,73,686551.388728244
526,2013,123279,8.390271201162538,53,420157.30078949395
527,2008,84118,12.203406054101901,67,530893.5598559418
528,2010,40771,6.1599868874449415,74,647810.2263680799
529,2005,33241,8.991225897529679,83,823384.9563615604
530,2006,103444,8.680433226294577,53,373617.43727425335
531,2014,29250,8.18283905896006,84,924676.2157895155
532,2016,64030,9.77571228325674,68,624168.7694876554
533,2017,55030,6.707852085570343,64,542798.4573045805
534,2004,72068,6.674155948052746,62,483498.8326083476
535,2019,117293,8.597832188005011,75,600006.4108851276
536,2017,35205,10.94013402257649,78,795364.6378337785
537,2021,44115,9.072731962407353,85,1131501.5292628102
538,2019,50431,5.37777772412623,68,665122.0813021875
539,2021,46605,8.4177350682106,80,1018649.0255846081
540,2018,43074,14.984847015312658,79,795058.2677869889
541,2006,24833,7.431955222273176,80,871352.6860795482
542,2021,85382,8.885353661561844,60,719512.8579153091
543,2019,13077,14.040611895726535,67,1041030.7232264975
544,2015,25863,7.042685806425992,77,833121.7204859876
545,2015,46190,5.966507511002456,53,625272.8389658625
546,2014,63988,14.714568020653969,67,595276.3703342162
547,2015,94001,10.897877463208719,48,542207.1712923946
548,2007,87929,6.30613118532943,86,589282.4936670096
549,2015,66098,15.490255998994288,78,749241.4497472965
550,2017,14978,13.142214204161537,76,933777.956061604
551,2020,88856,10.609240772981995,50,661657.7850556064
552,2007,32993,10.200955312967295,67,641426.8832203853
553,2019,117120,6.476265153601473,52,446076.585158949
554,2016,31008,15.377133785838216,56,779897.1511531903
555,1995,48915,7.488160531134124,66,589076.8111520227
556,2017,63460,11.444430428185536,74,654774.027450687
557,2012,93032,14.537716667008532,80,655747.7023056757
558,2002,33188,7.836003688007009,71,741916.6719663006
559,2013,25259,9.720121528687244,72,832723.2885985989
560,2011,92660,8.132066891620656,93,830935.49302226
561,2019,29819,7.290309176886138,70,927300.6247909307
562,2016,128209,9.55716956889807,69,443089.90153052355
563,2012,37089,12.176499499917792,89,884442.208131045
564,2018,9347,10.828141131049538,60,1043980.3622723611
565,2018,33483,11.824946555065958,43,657789.5708498509
566,2017,68892,12.02314025295848,60,562752.4287085868
567,2017,43378,6.3956680869447196,86,806926.7343535564
568,2012,31116,6.225356202441171,73,726744.3502274016
569,2019,70297,17.349817629404875,84,1015158.7533776688
570,2011,22540,15.165910050956779,83,1185992.151754425
571,2018,80937,7.1712502195128955,77,688441.0316649742
572,2011,16700,10.794253878954706,72,936705.1247527828
573,2020,108976,9.106511957610536,39,497871.5871608442
574,2016,55156,9.388021825104016,68,624637.7514537588
575,2008,24063,5.251381427393268,74,760504.8353433431
576,2013,87374,8.434645260346478,80,687074.3843569903
577,2018,32752,13.174125755341153,61,723765.2757703309
578,2016,99051,14.09517437917549,60,561376.3496017247
579,2011,88654,6.717592484381143,85,662759.8119735825
580,2013,19217,6.498254646047209,73,854255.4018715901
581,2007,28173,12.603982753773328,69,644405.0138835991
582,2024,74943,8.555003566972424,84,1271302.886410431
583,2013,71389,9.456401842638666,42,568529.3753700677
584,2014,30147,10.494503451316406,80,795175.5496398293
585,2003,101687,6.395775243407904,79,378163.3117850243
586,2016,44446,7.772417729680594,73,831726.9991458469
587,2012,136373,7.589234309545388,74,492051.85358517914
588,2019,101981,9.187049265256052,65,544532.0525557079
589,2015,47933,19.809826693215072,67,825643.172546608
590,2015,38744,7.294510491707651,82,924895.0871509247
591,2017,62900,6.719129362243981,87,663993.8593642786
592,2012,35314,7.017722886603661,67,758036.4346937003
593,2011,20680,4.731089342641256,71,856590.7285688944
594,2015,136659,7.799637053682937,79,487315.0557040354
595,2013,74018,15.330064332349085,76,748509.3811034942
596,2007,42839,7.891711482974939,89,822647.5656022538
597,2010,17763,6.7179203823280105,42,630570.0074230152
598,2010,26601,5.098827016093126,63,588109.4489578607
599,2019,19063,12.302799070843122,88,1271060.3542615003
600,2013,30001,5.52201275090141,75,725957.495190084
601,2019,103627,9.419592097217244,59,513780.3152225617
602,2016,114739,9.54147079932432,93,595928.3019543119
603,2019,59811,7.8531740915766495,72,840388.8339108104
604,2017,63195,9.099923748554659,73,685142.4683814084
605,2011,29978,12.155819118192497,45,660180.0515834668
606,2020,85768,10.266195836868457,69,728157.4379965955
607,2008,25834,6.786557114817894,80,646328.0979771382
608,2017,79340,11.664644737885471,81,726734.5212422828
609,2009,45106,10.592583520827308,57,607763.7256377791
610,2014,24826,6.443282712960897,69,778681.892520605
611,2011,75428,10.334773446223553,88,726941.4308058105
612,2015,56151,14.861614623252443,75,655136.5421439845
613,2004,50556,5.101562150021108,63,484782.1191098898
614,2008,120879,7.67792795401804,89,483806.2529201666
615,2019,28599,19.041829386502684,58,954646.3451471853
616,2017,23738,10.120022449418652,82,1038648.073367354
617,2016,16174,8.185614852046227,58,841127.3640116217
618,2009,39416,9.368079706399481,63,672645.1878831834
619,2012,106357,8.356434199705486,87,544785.499179401
620,2019,33933,5.774095259032704,90,988968.0999451077
621,2004,103028,8.209740215109395,64,396733.2980754403
622,2017,68330,11.993121349935844,82,728445.2063506123
623,2013,31259,8.211971736246182,63,757822.3460167244
624,2022,61118,9.576421370452447,74,991119.4008070207
625,2020,93057,9.428482837681065,91,1016391.167004222
626,2012,92209,10.706016614208277,77,655796.1159552174
627,2004,120978,8.736978614002762,95,527346.136820376
628,2013,62065,7.548891241296586,71,688511.3784413134
629,2017,58842,11.101765695640088,83,728753.9962659901
630,2001,32518,5.988093838547496,91,784976.5889137468
631,2017,29244,9.888642255032476,80,831885.1845069358
632,2009,33754,18.26727895280618,63,734767.7245294924
633,2020,50259,8.617884182616514,56,719635.7012182204
634,2016,22686,9.690912074871388,77,978464.7102539501
635,2013,78577,14.333510614215825,73,653126.6503451056
636,2009,69988,8.495473310033894,71,610537.911638974
637,2012,94185,8.769345902684307,88,762275.1960618855
638,2013,29573,9.623390065744944,84,926668.0609467913
639,2021,18786,12.641440785527344,59,981013.2342773018
640,2007,49977,10.00616616000061,82,785562.415571602
641,2018,18108,11.586933938222874,48,773333.1470270103
642,2018,39818,11.82756103456659,60,683770.1807863793
643,2016,69514,12.57902737374663,56,559678.4331810114
644,2022,27048,4.670369365090411,87,1166328.4171643762
645,1996,67698,4.723294083658564,64,423712.4643661896
646,2011,31620,14.4696156548363,70,721090.2608854348
647,2015,19741,5.751427376200148,75,855486.1950430765
648,2003,81262,7.667210537428044,76,609614.6607150168
649,2010,24455,11.638289226797545,64,756223.3407609126
650,2020,76883,10.989676973448573,75,800168.1440410904
651,2012,33449,7.474828121819565,77,836099.7124904008
652,2011,46162,11.638083156806172,86,884320.3445037975
653,2003,75948,5.478672922344087,83,589305.0320460858
654,2012,7034,10.284048925840757,70,1105677.2956138246
655,2021,26377,6.924873754068713,94,1079476.5363355908
656,2022,153093,6.091049460276729,92,748023.782891106
657,2019,106707,6.92190922143351,85,581715.3412464733
658,2017,113452,7.164691555409362,90,544348.1876688258
659,2011,3908,5.272660845866627,83,1234680.2000591867
660,2005,55594,10.875662955765378,55,500208.185520816
661,2007,23040,9.398032841586918,61,792519.561121235
662,2011,53926,9.587773167136728,53,588723.0971746488
663,2017,89193,10.803120733559462,94,792975.4058872544
664,2008,13113,10.004096413807504,84,924623.2519425822
665,2017,32165,9.641291269692829,90,926454.3808661841
666,2019,11552,9.278977652339872,68,1087275.0651877641
667,2007,115432,9.9534923453561,75,433749.40328565723
668,2019,52198,7.538494710270033,93,1016757.4549681321
669,2008,93847,8.880825249808236,76,609933.403212256
670,2014,44889,8.671839832547766,69,755732.5276110031
671,1999,38263,14.206345153105291,85,685834.7196053233
672,2018,44914,6.186652475113014,55,621533.97409941
673,2016,10159,11.929327254877126,68,850626.3006347916
674,2013,20756,9.63439954899686,82,1088900.9227766797
675,2010,4189,8.63280915897704,74,1131099.8877570138
676,2018,41989,9.490949270638403,66,759161.879538462
677,2016,37617,8.553787865418602,87,924645.3682702179
678,2019,54091,6.917263881080794,87,811664.4549808358
679,2017,3429,6.004989189896227,72,1110002.85597941
680,2010,42371,9.923971801805454,55,635455.7891568781
681,2003,89763,8.03957501888808,79,608021.3580188015
682,2022,58828,6.902193411815455,88,962463.508011838
683,2016,16189,5.762616290994926,81,947818.8542880899
684,2012,39829,12.359286460878236,71,794624.8415675311
685,2011,31535,9.496377789316387,77,833530.5493036949
686,2017,82590,7.572498380388666,85,763758.4377093164
687,2017,62904,7.514099288281747,74,685871.2877766938
688,2018,20571,6.748712533597136,82,947806.613307804
689,2008,103202,5.033592057223526,47,315088.13056382514
690,2014,40546,9.760088222479187,73,831358.184521348
691,2013,20076,8.290195274099034,58,840759.8756757407
692,2019,108658,11.983036673935075,75,570672.7765073724
693,2015,56758,10.367097522987313,63,596237.1896789656
694,2012,29084,9.225398292861652,64,758373.9438790733
695,2014,56158,7.457324400079288,89,762863.8655706432
696,2016,64763,13.047376471241838,81,727691.2904478344
697,2015,59999,10.224529558384006,67,596659.7441950245
698,2009,22709,6.9162678066360845,93,921405.8091527649
699,2018,125115,11.663518136627786,90,520636.70396857307
700,2010,30566,7.728187489459703,63,674878.0504880907
701,2016,28548,9.160163029497216,86,927645.5272506821
702,2013,92512,8.187668894709294,51,590756.7158731489
703,2014,50622,11.425018049468957,66,597069.8951859146
704,2018,106145,16.927289796476707,70,487584.9038478604
705,2018,71553,10.08880477946577,54,562700.3825722523
706,2004,45388,8.371031431073334,97,1046571.4692612235
707,2019,79122,12.244140827880365,68,727596.0941404194
708,2017,93403,11.62395652741429,70,595393.9217215254
709,2023,25679,8.777075896554386,79,1202461.2925052375
710,2017,44399,9.037991048955432,73,832491.7027747023
711,1999,40953,11.079461742176562,58,531334.2054504785
712,2018,44128,8.657127372873731,71,834445.9985489663
713,2018,41927,6.663393117412418,69,659305.315739978
714,2021,29014,7.2292296076627665,76,1020308.2415827215
715,2017,12410,8.72167982715677,71,979105.6687777137
716,2013,41387,15.285132844752276,90,1008761.4302243987
717,2011,42300,5.523158966064335,69,660276.3822042836
718,2012,103283,5.1355390897182245,46,353963.49904675083
719,2013,15740,8.089646912659177,99,1583849.8681739548
720,2018,90208,10.294269732047908,89,729536.6679720104
721,2018,39749,8.937797665341064,68,756862.1890095888
722,2019,89726,6.690140565726326,82,813101.3815468906
723,2018,45954,8.351371271794378,80,832577.6632409985
724,2009,14333,11.66077473158083,69,756639.9619205687
725,1999,95628,5.959209801706109,57,399313.1818237556
726,2011,176600,6.550817096106998,62,388202.9772457935
727,2006,22962,7.429165943035728,80,870695.6005626271
728,2013,87706,10.115809023488676,91,794231.0559884665
729,2019,53011,13.618348358663354,52,687517.47329573
730,2018,49373,9.551092708486479,61,754734.0642227483
731,2014,13269,12.72330475827974,53,804897.4319092697
732,2016,21448,9.337489036856466,84,1086730.1495861055
733,2002,67993,10.468683286931933,88,646888.4385004361
734,2016,7906,9.02396075174261,68,1157835.4807229068
735,2013,49216,7.210099904545893,85,924741.3944354657
736,2019,26185,5.2285430127286165,73,888357.6962545136
737,2011,85700,7.638429320624151,68,622809.6370731444
738,2018,64663,11.518733631535227,92,796447.4318108921
739,2004,28657,11.737946942113098,58,606656.1450936312
740,2004,105247,11.23242308438784,57,358839.7075204768
741,2020,23885,8.399552064727423,71,1197719.7498177337
742,2012,37547,8.854793787780608,58,715085.3371546358
743,2006,58526,17.643960540227482,48,548514.3679968048
744,2019,62205,10.967805542244145,90,890235.307506351
745,2015,14473,13.627036814863082,72,936315.0218949142
746,2011,47833,10.352568042172603,93,961638.975306981
747,2018,67360,7.26152722184369,81,762072.7468319064
748,2019,93100,8.79217822366541,72,839413.6832972203
749,2013,35613,11.992245264534231,92,966753.9575739474
750,1997,48989,13.46101298247549,71,616140.3724071408
751,2008,42049,10.065437705820628,55,605747.0557268779
752,2020,41808,7.368375940038172,67,924291.8216926301
753,2006,71626,8.210096489337658,85,677685.5100184057
754,2006,49415,7.291578160424786,87,821345.1182897753
755,2012,38461,15.606586505774164,64,826224.2312036254
756,2016,35565,9.363950807922748,68,757593.825735042
757,2011,41510,10.215791326834346,67,722563.8078147525
758,2017,19620,7.769096275896445,66,891204.5821758498
759,2011,44558,8.561894698142012,58,714962.1985997545
760,2017,28807,11.741925374512899,65,723274.1787700773
761,2009,89045,11.946589901042612,72,581953.7454811347
762,2022,42262,13.000048814150087,85,1275941.8315006157
763,2011,14957,6.462330021546823,50,707884.5822782598
764,2009,96903,5.341103103345056,75,530967.2865874098
765,2005,6526,9.289214116299739,68,1027822.2631968358
766,2016,50764,7.137721995384115,68,622648.801306766
767,2014,78589,8.82203047064398,50,568507.1036620176
768,2016,70696,11.031302062012678,82,729271.3247193077
769,2020,45538,6.916459073638261,75,889627.5587423713
770,2017,72394,6.645489333969001,81,665377.0010964702
771,2009,148279,11.374816198664368,79,415545.67688671855
772,2019,21692,5.798791119107567,69,948918.1975597044
773,2019,43919,14.8188983349677,85,1079654.234786035
774,2021,38391,6.976307310745913,68,807221.14665365
775,2020,4332,6.75802516586106,82,1510252.637183428
776,2011,10146,8.562836535066237,65,890786.3973291169
777,2013,33608,5.170567762129618,92,882097.0096526997
778,2012,31557,10.567056198659536,99,1285182.3212236208
779,2023,100074,10.040748526573648,76,675257.6861174561
780,2009,31163,9.185353699544333,69,672176.3462683597
781,2019,22476,11.389284595964247,82,1270044.5756976362
782,2017,9566,7.608693879772785,81,1416402.2454418102
783,2016,19502,9.200507927919727,55,841588.5245783061
784,2010,23271,13.7070300792759,52,712361.0140366487
785,2020,28084,20.765777481823076,83,1233478.5963271032
786,2017,53483,13.034015608403084,66,595051.0220290485
787,2021,85494,7.573487475461949,54,720107.6084905292
788,2009,30807,14.621597558738946,69,643247.5633788962
789,2019,15226,11.351980334214662,78,1143674.4843486857
790,2019,43709,9.83006216140858,89,1130926.971465121
791,2019,56866,6.725733451964208,70,665024.6207439274
792,2018,35514,6.760951445415725,53,625006.4273639427
793,2013,76121,9.010971392222569,53,587429.3651132239
794,2010,126509,19.326905355954466,83,529498.1337049614
795,2018,155813,8.696444761273206,77,490889.8223872817
796,2003,23774,17.551214090266328,83,1055030.4266809314
797,2014,36994,18.27826916138726,63,824292.0413270644
798,2007,75344,12.622633767586025,76,582479.7427832499
799,2014,8031,10.721758741628825,65,1105258.360370583
800,2018,53531,9.62833854424604,77,688109.0536556998
801,2015,21594,7.351257550101605,85,1089155.7679092109
802,2013,47624,11.941616058142873,71,795704.0927015642
803,2018,38110,9.580016478934693,80,834976.6737390888
804,2015,78451,14.618334574206907,74,655987.4409273902
805,2021,60780,10.063040680694641,65,727940.1172793318
806,2018,60742,6.852481938898762,61,542922.6173149265
807,2018,27661,12.028395674262176,70,722609.7148538553
808,2014,54738,14.398999850625453,46,544438.3237221146
809,2019,135354,11.929023742203718,74,572457.8876944692
810,1993,66746,11.62603034161216,89,566473.139889875
811,2016,62627,12.153713472473065,65,595260.248092304
812,2010,64817,6.685249796030969,70,484956.28032521997
813,2018,88133,14.429022550060704,85,726762.059353531
814,2019,25489,11.292096211848307,59,833726.3913388718
815,2016,44684,6.695431628942635,87,807545.3934400828
816,2013,23467,13.12623696356567,93,1132419.929581775
817,2016,18515,5.709944409242463,55,733545.7611293824
818,2014,105894,12.00585139488604,56,404022.45185972896
819,2010,78775,9.537048585264401,79,610604.768662379
820,2019,10427,6.715059420050838,88,1161419.4817796452
821,2021,25393,12.11244624341388,83,1079378.4636749567
822,2008,101480,11.522421008914282,74,414581.1814260848
823,2018,81481,7.490051538857472,67,624912.2027324061
824,2005,40766,12.621817282947806,66,642823.5291483195
825,2019,14777,10.614006918714544,56,981545.8375558916
826,2011,108225,7.516552433525306,90,543941.3327042325
827,2016,92126,15.845831431361754,65,681781.5533342418
828,2020,19385,8.261969189979265,89,1332470.2454884814
829,2019,53183,9.559687023681516,71,837614.4424253029
830,2018,99450,19.729479431725245,58,640846.9503443376
831,2011,53431,25.0,65,681508.4824428891
832,2015,120066,7.030399125181065,74,487800.8380251875
833,2013,41803,11.560500212943154,52,682883.292057232
834,2010,52474,8.538246002826185,82,678240.2217103472
835,2019,159282,8.245647067723523,87,665087.6702727678
836,2018,56164,7.64544083545001,69,622620.719501851
837,2006,41839,12.96081321256717,68,641072.0225569363
838,2018,10054,8.917150451769484,78,980081.7360407668
839,2005,23465,6.679347633161304,45,631577.234836045
840,2007,8771,9.817803058735382,87,1258119.3331274744
841,2014,162381,10.290240525890102,68,423282.1214713714
842,2017,25562,6.449629613033302,75,729346.0243670737
843,2016,79813,8.685850206467656,90,762061.8586783077
844,2010,79440,8.450455631407017,86,679638.5058331987
845,2011,32068,12.544292683740371,61,723623.024488472
846,2014,82256,9.064632205757944,68,622713.9093586383
847,1998,23473,16.322030657270734,74,832427.4936613848
848,2018,67915,9.008779842846879,79,687558.4815144523
849,2023,56433,5.181507701577141,91,1047472.2925063317
850,2004,103522,5.720127594738287,74,381111.97453464736
851,2017,46898,7.455053025801908,85,925648.166834058
852,2019,132500,11.233008124565295,74,571149.8717642572
853,2015,90131,11.66076224477025,81,729016.4736321992
854,2016,40619,14.339607124753424,53,682892.5378945275
855,2014,145002,9.50434981872332,96,693725.453761666
856,2011,90867,6.147683308524297,56,513277.42644588096
857,2004,56419,9.598639582715741,82,678822.1865349845
858,2011,46269,6.616534124460804,83,807518.3283212606
859,2011,16246,8.724155998889412,72,980886.4760092244
860,2018,12929,7.341743427287172,93,1186498.7097517692
861,2018,43038,16.0861757710792,79,908375.0791665056
862,2013,80945,11.048940804805177,81,729090.9554889421
863,2017,45553,18.268721403200516,65,826008.7578046472
864,2002,37010,11.346929144392327,87,784724.024859329
865,2017,32498,8.037957125756138,70,758664.595777535
866,2020,55544,12.622745182683623,58,689461.1110293148
867,2018,73110,14.957303726225938,78,652952.3945006755
868,2011,113118,9.287378788318684,66,445399.54583395517
869,2018,35470,14.961662741641073,72,795325.2827296447
870,2004,10610,9.806476553260758,76,870229.7872537128
871,2020,28986,6.095698999976784,57,763859.5555864829
872,2013,74457,11.230382466497236,85,727501.5936965555
873,2016,58699,8.08388149967843,70,623230.4360526756
874,2012,177162,7.114483336639315,67,446098.8289011676
875,2022,53466,8.305418214092015,83,1102517.2904510784
876,2010,94344,6.15333580361208,65,483522.74300692143
877,2014,26838,13.412496247237687,59,681899.8855707616
878,2012,41570,8.92338193295269,60,715490.1335783432
879,2017,10682,8.533969628707268,81,1090033.9208976582
880,2018,56819,10.74963235035204,70,594775.1800285258
881,2011,46623,12.191285352602215,80,795781.6403237944
882,2019,12870,10.17151349010459,96,1615920.7438970981
883,2019,116138,15.686515348716233,70,594132.9074811245
884,2016,20929,12.75533694956133,70,849667.9290677338
885,2013,53175,10.921798128808877,67,594547.0674153493
886,2018,21565,12.772000733072838,78,934834.113388239
887,2022,65050,6.897583720172641,74,865351.3760969279
888,2011,19369,10.953720254758924,68,849408.9664844779
889,2012,41081,8.725397406829618,77,831295.4077164411
890,2021,59051,14.850310539954473,76,798017.6330570418
891,2013,44636,10.128999562261917,57,681694.5459264612
892,2003,42167,11.431088073254287,83,785705.3252764232
893,2019,67555,8.276218378546496,78,839579.0337672846
894,2021,10898,14.13470055113013,83,1269733.7812058884
895,2019,66703,16.551763266995163,73,915174.7109909931
896,2001,47681,9.953448025058346,56,636674.1810461313
897,1997,115885,9.496568797798481,63,346321.38512408687
898,2004,105781,11.449720906538541,80,415544.03754263266
899,1992,75376,9.613367069140917,93,645637.7611611409
900,2014,50935,7.068957272289406,99,1107707.6629531826
901,2013,44077,7.865790888033185,41,690848.4100738494
902,2019,54736,11.533338297512437,61,727360.5787974527
903,2019,67717,6.974806449748945,66,666259.9022399089
904,2009,99106,6.705254925249899,68,485010.0367985838
905,2005,17314,9.793824161327079,54,748404.151813242
906,2017,79098,10.340366619601893,82,728073.2081049505
907,2020,68376,7.932105584910039,79,839062.3754079301
908,2013,12707,10.079225271608784,78,938298.5860098081
909,2001,11386,18.842269887766257,75,949230.9902104747
910,2016,30898,9.388461870459164,79,832179.6784658981
911,2018,22180,10.068326801282064,94,1131941.7198979198
912,2001,27134,9.748925209893372,56,635293.3853919153
913,2017,98816,7.961606213535388,84,762495.9849186753
914,2017,63270,14.809597007278807,65,595066.5505759737
915,2017,35323,11.88792029966543,68,722092.7256216834
916,2012,90263,14.312719866816128,71,653954.4873493135
917,2009,103368,10.017243135112864,85,460495.31093165156
918,2018,31807,10.090766040952634,81,884718.9174787519
919,2019,33515,8.127750075120076,55,875704.947673684
920,2018,33763,6.885805130159329,90,807207.8857628157
921,2010,55518,11.72353866336257,73,582537.9381712399
922,2000,41917,11.250999357021167,77,617000.6867343775
923,2019,82181,6.625306949823068,93,887405.4098259866
924,2012,54947,11.762660092073734,65,595259.1503378762
925,2020,62556,6.008850066338158,70,665583.5538007607
926,2014,40053,8.305206103251086,65,757249.9146236955
927,2009,57815,13.432215879785913,46,481554.87703579006
928,2017,52968,9.094201886112954,78,687235.7064331248
929,2004,49902,5.693927018261911,75,644267.1029116103
930,2012,36918,11.870041324082415,55,684310.426336722
931,2016,97508,10.200366116499001,82,727961.3789906206
932,2021,10665,13.818556009444393,82,1270237.0369295895
933,2005,25828,6.558257750967112,85,718885.1711940533
934,2019,13946,8.517824609927697,60,1030064.0198739006
935,2021,55954,8.763130645297927,80,839408.9036938623
936,2019,30907,8.770872740826784,79,1019060.0382227552
937,2019,48639,6.888117992250359,64,806617.7204139151
938,2013,68037,7.691312503951499,83,760819.3585738805
939,2017,76737,6.9893806769638624,59,513725.30204294587
940,2012,65000,13.55188460598885,84,728102.1023710143
941,2017,52036,8.556873381536839,86,763269.682789572
942,2003,29391,13.880273555725497,95,857105.39345806
943,1995,55588,16.86596405699209,70,528733.9013328432
944,2017,38676,8.830360960560883,89,926639.6400324978
945,2010,108806,5.526972449151175,86,421425.4549053547
946,2008,79432,11.25915630375263,68,529064.6128178523
947,2000,50651,17.86304050170491,66,526906.8065182561
948,2013,52013,11.832364518397583,81,729377.4045990593
949,2012,88998,11.54450282090659,74,653160.1575375504
950,2011,71942,7.452929600821611,72,684952.6038055286
951,2017,52618,6.593713281142877,69,546006.7676698656
952,2023,23037,9.906257354935033,66,1285404.6541745588
953,2017,59570,14.619783457605878,74,654234.3441689597
954,2015,29710,4.0,60,624471.6799628081
955,2007,11270,9.82255351421235,72,869779.220525459
956,2016,250000,9.9675477622295,73,490702.7247994731
957,2021,21075,9.84261667753468,90,1331081.4266479348
958,2020,24849,6.706802971886942,70,950389.4673812661
959,2001,83808,13.404762476620938,78,583814.8894234042
960,2004,100413,8.130367913367422,79,435913.79727181373
961,1997,42114,7.4724695756593285,68,588752.5970313611
962,2018,98365,4.286772711803581,67,543977.67571594
963,1997,77616,14.203573195345177,77,507780.81852018565
964,2012,25797,9.704936984561648,78,834839.362403391
965,2017,49026,8.348553442537664,66,757396.130386818
966,2001,26459,7.6641807597791125,76,739723.8150809351
967,2010,48925,11.868152605024292,74,705909.8833591321
968,2017,26970,9.85794545305691,77,830796.6669900542
969,2009,36330,9.15646798841113,72,739945.8479681673
970,2016,35530,8.50249334541024,74,833956.0578273105
971,2017,59696,11.867915815963364,84,726439.1138121455
972,2016,44038,12.46950976058413,58,682215.7862329875
973,2010,28695,11.133995032536578,88,784420.1221824402
974,2020,53876,11.422288698798786,73,799582.1045585935
975,2017,20296,9.360149297844977,41,812707.242811964
976,2015,15412,13.465418051042484,73,935694.3913761534
977,2019,28474,9.828277040946912,78,1018170.7735809812
978,2012,14063,7.17552029505897,66,889930.0890052954
979,2016,27212,7.401907585909679,73,832840.0837990211
980,2013,45522,13.536848927616333,80,795074.7233739987
981,2010,52603,8.649182032584383,79,607861.0900484789
982,2020,114441,16.535539186582263,86,726553.913636376
983,2020,15034,13.384870332300645,56,980447.3498312547
984,2011,36270,9.351752837359772,75,835191.0181475661
985,2014,58146,8.813972371497218,67,625449.7428576094
986,2007,47272,9.844765701153824,78,739807.8725849487
987,2014,13394,6.963265499371367,66,775939.235657286
988,2017,37088,8.675280140214083,73,833291.8281393438
989,2015,74577,8.27313996717451,97,969008.0554347581
990,1997,34101,15.788930202484984,61,641565.7068929961
991,2020,81010,7.179935488204111,81,929913.0429650582
992,2020,28906,7.284592429446285,45,844635.0159071018
993,2018,22801,8.336182056188953,81,1087977.424140661
994,2010,56975,9.798792344252576,91,738590.1488609182
995,2010,22757,14.594046014506798,66,755376.0460368738
996,2006,24629,7.356891972455438,70,791184.8605782017
997,2012,19818,14.408787318769352,67,851225.0174138221
998,2015,20691,10.45939243072521,67,850453.8821624925
999,2019,23458,12.472568155122726,96,1616574.318818146
